model,mask_type,density,attack,PSNR,SSIM,BER,num_images
Frozen UNet,Optimized_d300_n200,0.3,navier,30.339325834910074,0.8736802349487941,0.27288888888888885,300
Baseline,Optimized_d300_n200,0.1,telea,23.411635411580402,0.6826663170258204,0.4782222222222226,300
Haar Wavelet,Optimized_d150_n100,0.1,mean,14.28455531915029,0.43791135971744855,0.4446666666666667,300
Gaussian Blur,Optimized_d150_n100,0.3,mean,15.650208511352538,0.4783483427762985,0.38466666666666616,300
Gaussian Blur,Optimized_d150_n100,0.1,mean,14.324939343134561,0.4353899674117565,0.4618888888888887,300
Haar Wavelet,Optimized_d150_n100,0.3,mean,15.568464733759562,0.48103463475902875,0.32955555555555527,300
Frozen UNet,Optimized_d150_n100,0.3,telea,28.621087970733644,0.8512517845630646,0.30366666666666653,300
Baseline,Optimized_d300_n200,0.3,mean,15.627219683329264,0.48853108763694764,0.45622222222222225,300
Baseline,Optimized_d150_n100,0.3,navier,30.596203994750976,0.8794614668687185,0.3204444444444439,300
Baseline,Optimized_d150_n100,0.3,mean,15.643248850504557,0.48280006711681683,0.4599999999999999,300
Baseline,Optimized_d300_n200,0.3,diffusion,32.48548154830932,0.9165057257811229,0.28977777777777775,300
Baseline,Optimized_d150_n100,0.1,diffusion,26.800377311706544,0.7717761285106342,0.482222222222222,300
Baseline,Optimized_d150_n100,0.1,navier,24.315628801981607,0.6886034090320269,0.48344444444444484,300
Haar Wavelet,Optimized_d300_n200,0.3,mean,15.551841449737548,0.48689892709255217,0.3285555555555552,300
Gaussian Blur,Optimized_d300_n200,0.1,telea,23.47040491104126,0.6777332638700803,0.4233333333333332,300
Haar Wavelet,Optimized_d300_n200,0.1,diffusion,26.216664079030355,0.7762394548455874,0.3825555555555554,300
Gaussian Blur,Optimized_d300_n200,0.1,diffusion,27.35363136291504,0.7793953051169713,0.37833333333333286,300
Gaussian Blur,Optimized_d150_n100,0.3,navier,30.149303690592447,0.8697009366750718,0.18544444444444455,300
Baseline,Optimized_d300_n200,0.1,diffusion,27.36314400990804,0.7815625802675883,0.47577777777777763,300
Haar Wavelet,Optimized_d300_n200,0.3,diffusion,29.444766362508137,0.8972993508974711,0.18622222222222234,300
Frozen UNet,Optimized_d300_n200,0.3,mean,15.636826626459758,0.4835837847491105,0.4236666666666664,300
Haar Wavelet,Optimized_d300_n200,0.1,navier,23.348170251846312,0.6681796931227049,0.38455555555555504,300
Gaussian Blur,Optimized_d300_n200,0.1,mean,14.275397760073345,0.442712645928065,0.4581111111111112,300
Frozen UNet,Optimized_d150_n100,0.3,mean,15.65273294130961,0.4778896859288216,0.4254444444444443,300
Frozen UNet,Optimized_d150_n100,0.1,mean,14.317182987531027,0.4356799226999283,0.48377777777777786,300
Gaussian Blur,Optimized_d300_n200,0.3,mean,15.634048566818237,0.48420439526438713,0.38244444444444425,300
Baseline,Optimized_d150_n100,0.1,telea,23.3731586933136,0.6815537324547768,0.47800000000000004,300
Frozen UNet,Optimized_d150_n100,0.1,navier,24.290455106099447,0.6856212080518405,0.4600000000000001,300
Frozen UNet,Optimized_d150_n100,0.3,navier,30.32855697631836,0.8733979256947836,0.2743333333333333,300
Gaussian Blur,Optimized_d150_n100,0.3,diffusion,31.917560799916586,0.9079258642594019,0.1645555555555558,300
Gaussian Blur,Optimized_d150_n100,0.1,diffusion,26.841521027882894,0.7697805560628573,0.38877777777777744,300
Baseline,Optimized_d150_n100,0.3,diffusion,32.38192260742188,0.9148896143833796,0.2973333333333332,300
Gaussian Blur,Optimized_d150_n100,0.1,navier,24.224379212061564,0.6814337487022082,0.4075555555555552,300
Frozen UNet,Optimized_d300_n200,0.3,telea,28.58472484588623,0.8507613035043081,0.3048888888888885,300
Gaussian Blur,Optimized_d300_n200,0.3,navier,30.15769993464152,0.8699699328343073,0.18855555555555575,300
Frozen UNet,Optimized_d150_n100,0.3,diffusion,32.07866229375203,0.9096000607808431,0.24711111111111117,300
Haar Wavelet,Optimized_d300_n200,0.1,telea,22.772212867736815,0.6673606305321058,0.39644444444444443,300
Gaussian Blur,Optimized_d150_n100,0.1,telea,23.416989345550537,0.6763429312904676,0.42466666666666647,300
Haar Wavelet,Optimized_d150_n100,0.1,diffusion,25.806188259124756,0.7671819191177686,0.3866666666666665,300
Gaussian Blur,Optimized_d300_n200,0.3,telea,28.5468031056722,0.8499256726106008,0.24200000000000013,300
Baseline,Optimized_d150_n100,0.1,mean,14.29982426961263,0.4381636659304301,0.4952222222222221,300
Frozen UNet,Optimized_d300_n200,0.1,diffusion,27.33860424041748,0.7796556686361631,0.44299999999999995,300
Frozen UNet,Optimized_d300_n200,0.1,mean,14.269531997044881,0.44280513375997543,0.48155555555555557,300
Gaussian Blur,Optimized_d150_n100,0.3,telea,28.583931776682537,0.8505272885163625,0.24088888888888904,300
Baseline,Optimized_d300_n200,0.1,navier,24.457443176905315,0.6909902287522952,0.4820000000000001,300
Haar Wavelet,Optimized_d150_n100,0.1,navier,23.267384815216065,0.6654319972793261,0.38699999999999973,300
Baseline,Optimized_d300_n200,0.1,mean,14.252025054295858,0.44531041373809177,0.4975555555555556,300
Frozen UNet,Optimized_d150_n100,0.1,diffusion,26.792689634958904,0.7700808597604434,0.44777777777777755,300
Frozen UNet,Optimized_d300_n200,0.1,navier,24.44116102854411,0.6886877857645353,0.45888888888888885,300
Haar Wavelet,Optimized_d150_n100,0.3,navier,28.017103837331135,0.8517130255699158,0.19455555555555556,300
Haar Wavelet,Optimized_d300_n200,0.3,telea,27.093300139109292,0.8383184284965197,0.21655555555555567,300
Haar Wavelet,Optimized_d300_n200,0.3,navier,28.00703644434611,0.852013591825962,0.19544444444444442,300
Baseline,Optimized_d150_n100,0.3,telea,28.656670347849527,0.8564503832658132,0.35366666666666624,300
Haar Wavelet,Optimized_d150_n100,0.3,telea,27.139781424204507,0.8388876940806707,0.2168888888888891,300
Gaussian Blur,Optimized_d300_n200,0.3,diffusion,31.992918961842854,0.9094781923294067,0.16211111111111143,300
Haar Wavelet,Optimized_d150_n100,0.3,diffusion,29.383410746256512,0.8959380646546682,0.18522222222222232,300
Frozen UNet,Optimized_d300_n200,0.3,diffusion,32.16999304453532,0.9111327709754308,0.24577777777777773,300
Frozen UNet,Optimized_d300_n200,0.1,telea,23.46300098737081,0.6804149535298347,0.4592222222222222,300
Baseline,Optimized_d300_n200,0.3,navier,30.59091512044271,0.8793113362789154,0.31288888888888855,300
Haar Wavelet,Optimized_d300_n200,0.1,mean,14.233768107096354,0.4454224057495594,0.44455555555555565,300
Gaussian Blur,Optimized_d300_n200,0.1,navier,24.37595224380493,0.6843874442577362,0.40088888888888863,300
Baseline,Optimized_d300_n200,0.3,telea,28.605069885253908,0.855647690097491,0.3525555555555552,300
Haar Wavelet,Optimized_d150_n100,0.1,telea,22.76288020769755,0.6658437137802442,0.3963333333333329,300
Frozen UNet,Optimized_d150_n100,0.1,telea,23.414477275212604,0.678857356707255,0.457888888888889,300
Frozen UNet,Random,0.3,navier,24.503441721598307,0.7495255416631699,0.32455555555555526,300
Frozen UNet,Random,0.1,navier,21.532991174062094,0.596541481266419,0.46555555555555544,300
Baseline,Random,0.3,navier,24.54430902481079,0.7561704691251119,0.36366666666666625,300
Gaussian Blur,Random,0.3,navier,24.398089237213135,0.7427005218466123,0.16122222222222252,300
Baseline,Random,0.1,navier,21.52009278933207,0.5989836318294207,0.4863333333333333,300
Frozen UNet,Random,0.3,mean,15.671767800649008,0.3240812256683906,0.4574444444444444,300
Haar Wavelet,Random,0.3,navier,23.800208234786986,0.7348310523231825,0.24111111111111125,300
Gaussian Blur,Random,0.3,diffusion,25.07407430966695,0.7626674130558968,0.1395555555555558,300
Gaussian Blur,Random,0.1,diffusion,22.300091206232707,0.6170731923977534,0.36533333333333284,300
Gaussian Blur,Random,0.1,navier,21.48640155474345,0.5912503621975581,0.38977777777777745,300
Frozen UNet,Random,0.3,telea,23.91000684738159,0.7193091746171315,0.3609999999999996,300
Frozen UNet,Random,0.3,diffusion,25.203400433858235,0.7697102452317873,0.2932222222222223,300
Haar Wavelet,Random,0.3,diffusion,24.482131096522014,0.7578239600857098,0.2375555555555555,300
Haar Wavelet,Random,0.1,navier,21.111182441711424,0.5832581688463688,0.4224444444444445,300
Baseline,Random,0.3,mean,15.682996199925741,0.32805714157720406,0.48166666666666696,300
Gaussian Blur,Random,0.3,mean,15.67004316965739,0.32369816914200783,0.4266666666666666,300
Gaussian Blur,Random,0.1,mean,14.603221683502197,0.27713782315452895,0.4759999999999999,300
Frozen UNet,Random,0.1,mean,14.603754889170329,0.27733778739968934,0.4880000000000003,300
Baseline,Random,0.1,telea,21.631852442423504,0.5963216248651345,0.4848888888888891,300
Haar Wavelet,Random,0.1,telea,21.362344268163046,0.58908582786719,0.4284444444444446,300
Gaussian Blur,Random,0.3,telea,23.86017605781555,0.7157606047391891,0.2454444444444446,300
Baseline,Random,0.3,telea,23.915054658253986,0.7247755766908328,0.40022222222222237,300
Haar Wavelet,Random,0.3,mean,15.625079584121703,0.3270170718928178,0.37288888888888866,300
Gaussian Blur,Random,0.1,telea,21.65253850618998,0.5917284588019053,0.42633333333333295,300
Frozen UNet,Random,0.1,diffusion,22.35763984998067,0.6212417307992776,0.4651111111111109,300
Baseline,Random,0.1,diffusion,22.35264232635498,0.6234685211877028,0.47311111111111065,300
Haar Wavelet,Random,0.1,mean,14.585329895019532,0.27949622181554634,0.44988888888888906,300
Haar Wavelet,Random,0.1,diffusion,22.038891220092772,0.6170407340923945,0.42866666666666664,300
Frozen UNet,Random,0.1,telea,21.667568950653077,0.5947658420602481,0.4718888888888888,300
Baseline,Random,0.3,diffusion,25.256150557200115,0.7766470513741175,0.322555555555555,300
Haar Wavelet,Random,0.3,telea,23.440858449935913,0.7121511030197144,0.27877777777777757,300
Baseline,Random,0.1,mean,14.608897953033447,0.27900505863130093,0.500111111111111,300
