model,attack,density,comparison,metric,n_images,mean_a,mean_b,mean_difference,ci_95_low,ci_95_high,ci_excludes_zero,bootstrap_samples,bootstrap_seed
3k_baseline,diffusion,0.1,Random -> O150,ber,300,0.47311111111111115,0.4822222222222223,0.009111111111111111,0.001555555555555557,0.016555555555555546,True,10000,42
3k_baseline,diffusion,0.1,Random -> O150,psnr_attack,300,22.448756090799968,27.079835732777912,4.631079641977946,4.41650492254893,4.843566829840342,True,10000,42
3k_baseline,diffusion,0.1,Random -> O150,ssim_attack,300,0.6238112434744835,0.764870357811451,0.14105911433696747,0.13504618322352568,0.1471031603217125,True,10000,42
3k_baseline,diffusion,0.1,Random -> O150,psnr_final,300,22.35264232635498,26.800377311706544,4.447734985351563,4.2480548876126605,4.649108364979426,True,10000,42
3k_baseline,diffusion,0.1,Random -> O150,ssim_final,300,0.6234685211877028,0.7717761285106342,0.1483076073229313,0.1424080873467028,0.15415111703301468,True,10000,42
3k_baseline,diffusion,0.1,Random -> O300,ber,300,0.47311111111111115,0.47855555555555557,0.005444444444444446,-0.0023333333333333296,0.013111111111111103,False,10000,42
3k_baseline,diffusion,0.1,Random -> O300,psnr_attack,300,22.448756090799968,25.41413226445516,2.965376173655192,2.8062547275225325,3.1226160244146985,True,10000,42
3k_baseline,diffusion,0.1,Random -> O300,ssim_attack,300,0.6238112434744835,0.7457772443691889,0.12196600089470545,0.11455040986339252,0.12934384334584076,True,10000,42
3k_baseline,diffusion,0.1,Random -> O300,psnr_final,300,22.35264232635498,25.2014724667867,2.8488301404317222,2.690184033314387,3.0089374144872028,True,10000,42
3k_baseline,diffusion,0.1,Random -> O300,ssim_final,300,0.6234685211877028,0.7520799711346626,0.1286114499469598,0.12136961555853486,0.13574957954635222,True,10000,42
3k_baseline,diffusion,0.1,O150 -> O300,ber,300,0.4822222222222223,0.47855555555555557,-0.003666666666666665,-0.008333333333333337,0.0008888888888888911,False,10000,42
3k_baseline,diffusion,0.1,O150 -> O300,psnr_attack,300,27.079835732777912,25.41413226445516,-1.6657034683227538,-1.8471541794141133,-1.4931006433169047,True,10000,42
3k_baseline,diffusion,0.1,O150 -> O300,ssim_attack,300,0.764870357811451,0.7457772443691889,-0.019093113442262014,-0.02156259487569332,-0.016776428381601968,True,10000,42
3k_baseline,diffusion,0.1,O150 -> O300,psnr_final,300,26.800377311706544,25.2014724667867,-1.5989048449198404,-1.7695529692967733,-1.4359845388730368,True,10000,42
3k_baseline,diffusion,0.1,O150 -> O300,ssim_final,300,0.7717761285106342,0.7520799711346626,-0.019696157375971475,-0.02213290913403034,-0.01736625039080779,True,10000,42
3k_baseline,diffusion,0.3,Random -> O150,ber,300,0.3225555555555555,0.29733333333333334,-0.025222222222222222,-0.033888888888888885,-0.016552777777777812,True,10000,42
3k_baseline,diffusion,0.3,Random -> O150,psnr_attack,300,25.601819502512615,34.15626490910848,8.554445406595866,8.283701110839843,8.821681452592214,True,10000,42
3k_baseline,diffusion,0.3,Random -> O150,ssim_attack,300,0.7930054245392482,0.9166971814632415,0.12369175692399342,0.1171633498320977,0.13036908553044,True,10000,42
3k_baseline,diffusion,0.3,Random -> O150,psnr_final,300,25.256150557200115,32.38192260742188,7.125772050221761,6.899733916759491,7.345704215049744,True,10000,42
3k_baseline,diffusion,0.3,Random -> O150,ssim_final,300,0.7766470513741175,0.9148896143833796,0.13824256300926208,0.13174067154030006,0.14483872301876544,True,10000,42
3k_baseline,diffusion,0.3,Random -> O300,ber,300,0.3225555555555555,0.30066666666666675,-0.02188888888888889,-0.030444444444444444,-0.013333333333333334,True,10000,42
3k_baseline,diffusion,0.3,Random -> O300,psnr_attack,300,25.601819502512615,32.87711495081584,7.275295448303223,7.031090805053711,7.517750216007232,True,10000,42
3k_baseline,diffusion,0.3,Random -> O300,ssim_attack,300,0.7930054245392482,0.9082275482018789,0.11522212366263072,0.10853459458549818,0.1221389709909757,True,10000,42
3k_baseline,diffusion,0.3,Random -> O300,psnr_final,300,25.256150557200115,31.41616495132446,6.160014394124349,5.952038788159689,6.356765228589375,True,10000,42
3k_baseline,diffusion,0.3,Random -> O300,ssim_final,300,0.7766470513741175,0.9061021806796392,0.12945512930552164,0.12284219650427501,0.1363262653251489,True,10000,42
3k_baseline,diffusion,0.3,O150 -> O300,ber,300,0.29733333333333334,0.30066666666666675,0.0033333333333333335,-0.001888888888888887,0.008555555555555554,False,10000,42
3k_baseline,diffusion,0.3,O150 -> O300,psnr_attack,300,34.15626490910848,32.87711495081584,-1.2791499582926433,-1.4749838690757753,-1.0942435111999513,True,10000,42
3k_baseline,diffusion,0.3,O150 -> O300,ssim_attack,300,0.9166971814632415,0.9082275482018789,-0.008469633261362712,-0.009906206369400023,-0.007125900824864705,True,10000,42
3k_baseline,diffusion,0.3,O150 -> O300,psnr_final,300,32.38192260742188,31.41616495132446,-0.9657576560974122,-1.1183154395421346,-0.8246445123354594,True,10000,42
3k_baseline,diffusion,0.3,O150 -> O300,ssim_final,300,0.9148896143833796,0.9061021806796392,-0.008787433703740438,-0.010224310437838236,-0.0074320082465807605,True,10000,42
3k_baseline,mean,0.1,Random -> O150,ber,300,0.5001111111111111,0.49522222222222223,-0.004888888888888889,-0.0131111111111111,0.003444444444444442,False,10000,42
3k_baseline,mean,0.1,Random -> O150,psnr_attack,300,14.640123856862386,14.341539758046467,-0.29858409881591796,-0.3759513154029846,-0.22347310400009157,True,10000,42
3k_baseline,mean,0.1,Random -> O150,ssim_attack,300,0.27887510577837626,0.43133377398053807,0.15245866820216178,0.14334273904065292,0.1610203949039181,True,10000,42
3k_baseline,mean,0.1,Random -> O150,psnr_final,300,14.608897953033447,14.29982426961263,-0.30907368342081704,-0.3893828881581624,-0.23163238199551903,True,10000,42
3k_baseline,mean,0.1,Random -> O150,ssim_final,300,0.27900505863130093,0.4381636659304301,0.15915860729912917,0.1500054632499814,0.1677747241202742,True,10000,42
3k_baseline,mean,0.1,Random -> O300,ber,300,0.5001111111111111,0.4975555555555556,-0.002555555555555556,-0.010669444444444452,0.005666666666666666,False,10000,42
3k_baseline,mean,0.1,Random -> O300,psnr_attack,300,14.640123856862386,14.293955704371134,-0.3461681524912516,-0.431468608379364,-0.2640769076347351,True,10000,42
3k_baseline,mean,0.1,Random -> O300,ssim_attack,300,0.27887510577837626,0.43879178861776985,0.15991668283939361,0.15079063442163168,0.16863514035878083,True,10000,42
3k_baseline,mean,0.1,Random -> O300,psnr_final,300,14.608897953033447,14.252025054295858,-0.35687289873758954,-0.44482811363538105,-0.27283965492248535,True,10000,42
3k_baseline,mean,0.1,Random -> O300,ssim_final,300,0.27900505863130093,0.44531041373809177,0.16630535510679087,0.15714513473771513,0.17503908174298705,True,10000,42
3k_baseline,mean,0.1,O150 -> O300,ber,300,0.49522222222222223,0.4975555555555556,0.0023333333333333327,-0.0026666666666666674,0.007444444444444443,False,10000,42
3k_baseline,mean,0.1,O150 -> O300,psnr_attack,300,14.341539758046467,14.293955704371134,-0.04758405367533366,-0.057182557980219526,-0.03863134415944417,True,10000,42
3k_baseline,mean,0.1,O150 -> O300,ssim_attack,300,0.43133377398053807,0.43879178861776985,0.007458014637231827,0.006263221491128206,0.008754593112816412,True,10000,42
3k_baseline,mean,0.1,O150 -> O300,psnr_final,300,14.29982426961263,14.252025054295858,-0.04779921531677246,-0.05742772277196249,-0.038808333873748775,True,10000,42
3k_baseline,mean,0.1,O150 -> O300,ssim_final,300,0.4381636659304301,0.44531041373809177,0.007146747807661692,0.005920589033514261,0.00847749958684047,True,10000,42
3k_baseline,mean,0.3,Random -> O150,ber,300,0.4816666666666667,0.46,-0.021666666666666667,-0.031222222222222217,-0.012222222222222228,True,10000,42
3k_baseline,mean,0.3,Random -> O150,psnr_attack,300,15.732017828623453,15.699965127309163,-0.03205270131429037,-0.11185202089945476,0.04741426118214921,False,10000,42
3k_baseline,mean,0.3,Random -> O150,ssim_attack,300,0.3353956281393766,0.48187816873192785,0.14648254059255122,0.13763642976805568,0.1552704347701122,True,10000,42
3k_baseline,mean,0.3,Random -> O150,psnr_final,300,15.682996199925741,15.643248850504557,-0.03974734942118327,-0.11896147640546163,0.03986927080154416,False,10000,42
3k_baseline,mean,0.3,Random -> O150,ssim_final,300,0.32805714157720406,0.48280006711681683,0.15474292553961277,0.14580401112760105,0.1635390909401079,True,10000,42
3k_baseline,mean,0.3,Random -> O300,ber,300,0.4816666666666667,0.45622222222222225,-0.025444444444444443,-0.034999999999999976,-0.016000000000000004,True,10000,42
3k_baseline,mean,0.3,Random -> O300,psnr_attack,300,15.732017828623453,15.684110809961954,-0.047907018661499025,-0.1295807084242503,0.03309597214063008,False,10000,42
3k_baseline,mean,0.3,Random -> O300,ssim_attack,300,0.3353956281393766,0.48753563260038696,0.1521400044610103,0.14299359926022587,0.16126229070996245,True,10000,42
3k_baseline,mean,0.3,Random -> O300,psnr_final,300,15.682996199925741,15.627219683329264,-0.055776516596476235,-0.13694669167200724,0.025146113793055196,False,10000,42
3k_baseline,mean,0.3,Random -> O300,ssim_final,300,0.32805714157720406,0.48853108763694764,0.16047394605974355,0.15122288393912214,0.1695725355402877,True,10000,42
3k_baseline,mean,0.3,O150 -> O300,ber,300,0.46,0.45622222222222225,-0.003777777777777777,-0.009000000000000001,0.001555555555555557,False,10000,42
3k_baseline,mean,0.3,O150 -> O300,psnr_attack,300,15.699965127309163,15.684110809961954,-0.015854317347208657,-0.019491700172424315,-0.012487340927124023,True,10000,42
3k_baseline,mean,0.3,O150 -> O300,ssim_attack,300,0.48187816873192785,0.48753563260038696,0.005657463868459066,0.004598513619353374,0.006828964366267124,True,10000,42
3k_baseline,mean,0.3,O150 -> O300,psnr_final,300,15.643248850504557,15.627219683329264,-0.016029167175292968,-0.019635406255722045,-0.012680556694666546,True,10000,42
3k_baseline,mean,0.3,O150 -> O300,ssim_final,300,0.48280006711681683,0.48853108763694764,0.005731020520130793,0.004635095043728749,0.00694661163414518,True,10000,42
3k_baseline,telea,0.1,Random -> O150,ber,300,0.48488888888888887,0.4780000000000001,-0.006888888888888886,-0.015666666666666672,0.0020000000000000018,False,10000,42
3k_baseline,telea,0.1,Random -> O150,psnr_attack,300,21.74048123041789,23.543585093816123,1.8031038633982341,1.6684419781366984,1.945199515660604,True,10000,42
3k_baseline,telea,0.1,Random -> O150,ssim_attack,300,0.5957263439893723,0.67616959999005,0.08044325600067774,0.07537620326379935,0.08571407912919919,True,10000,42
3k_baseline,telea,0.1,Random -> O150,psnr_final,300,21.631852442423504,23.3731586933136,1.741306250890096,1.6147020533084868,1.8729430683453876,True,10000,42
3k_baseline,telea,0.1,Random -> O150,ssim_final,300,0.5963216248651345,0.6815537324547768,0.08523210758964221,0.08014882296696305,0.09050827650353313,True,10000,42
3k_baseline,telea,0.1,Random -> O300,ber,300,0.48488888888888887,0.4782222222222222,-0.006666666666666664,-0.015,0.0017777777777777822,False,10000,42
3k_baseline,telea,0.1,Random -> O300,psnr_attack,300,21.74048123041789,23.595145298639935,1.8546640682220459,1.7213290889263153,1.9937536861101786,True,10000,42
3k_baseline,telea,0.1,Random -> O300,ssim_attack,300,0.5957263439893723,0.677080248494943,0.08135390450557073,0.07623635697364807,0.08662325830509264,True,10000,42
3k_baseline,telea,0.1,Random -> O300,psnr_final,300,21.631852442423504,23.411635411580402,1.7797829691569012,1.6574587853749594,1.9061391208171845,True,10000,42
3k_baseline,telea,0.1,Random -> O300,ssim_final,300,0.5963216248651345,0.6826663170258204,0.08634469216068585,0.08125175436089437,0.09160970676814517,True,10000,42
3k_baseline,telea,0.1,O150 -> O300,ber,300,0.4780000000000001,0.4782222222222222,0.00022222222222222253,-0.006666666666666665,0.006891666666666631,False,10000,42
3k_baseline,telea,0.1,O150 -> O300,psnr_attack,300,23.543585093816123,23.595145298639935,0.05156020482381185,0.027220324118932087,0.07598014243443806,True,10000,42
3k_baseline,telea,0.1,O150 -> O300,ssim_attack,300,0.67616959999005,0.677080248494943,0.0009106485048929851,0.0001225501224398613,0.0017156103427211442,True,10000,42
3k_baseline,telea,0.1,O150 -> O300,psnr_final,300,23.3731586933136,23.411635411580402,0.038476718266805016,0.013608469088872274,0.06354289476076762,True,10000,42
3k_baseline,telea,0.1,O150 -> O300,ssim_final,300,0.6815537324547768,0.6826663170258204,0.0011125845710436503,0.00033243203659852344,0.001910418468217055,True,10000,42
3k_baseline,telea,0.3,Random -> O150,ber,300,0.4002222222222222,0.35366666666666663,-0.04655555555555556,-0.05522222222222217,-0.037999999999999964,True,10000,42
3k_baseline,telea,0.3,Random -> O150,psnr_attack,300,24.151468747456867,29.439436111450195,5.287967363993327,5.058903099854787,5.5213734219868975,True,10000,42
3k_baseline,telea,0.3,Random -> O150,ssim_attack,300,0.7373452043533325,0.8567151743173599,0.1193699699640274,0.1138405207892259,0.12496729969481628,True,10000,42
3k_baseline,telea,0.3,Random -> O150,psnr_final,300,23.915054658253986,28.656670347849527,4.74161568959554,4.553851800123851,4.928483337402343,True,10000,42
3k_baseline,telea,0.3,Random -> O150,ssim_final,300,0.7247755766908328,0.8564503832658132,0.13167480657498043,0.12616395388543605,0.13725970941781998,True,10000,42
3k_baseline,telea,0.3,Random -> O300,ber,300,0.4002222222222222,0.35255555555555557,-0.04766666666666667,-0.05588888888888885,-0.03944444444444444,True,10000,42
3k_baseline,telea,0.3,Random -> O300,psnr_attack,300,24.151468747456867,29.391889940897624,5.240421193440755,5.009312207221985,5.475384703000386,True,10000,42
3k_baseline,telea,0.3,Random -> O300,ssim_attack,300,0.7373452043533325,0.8559022937218348,0.1185570893685023,0.11302643307546775,0.12418151081601779,True,10000,42
3k_baseline,telea,0.3,Random -> O300,psnr_final,300,23.915054658253986,28.605069885253908,4.690015226999918,4.5004892234802245,4.877277211030324,True,10000,42
3k_baseline,telea,0.3,Random -> O300,ssim_final,300,0.7247755766908328,0.855647690097491,0.13087211340665816,0.12532951920479538,0.13647584416468939,True,10000,42
3k_baseline,telea,0.3,O150 -> O300,ber,300,0.35366666666666663,0.35255555555555557,-0.0011111111111111124,-0.006888888888888885,0.004666666666666665,False,10000,42
3k_baseline,telea,0.3,O150 -> O300,psnr_attack,300,29.439436111450195,29.391889940897624,-0.04754617055257161,-0.06451269896825154,-0.031042517503102624,True,10000,42
3k_baseline,telea,0.3,O150 -> O300,ssim_attack,300,0.8567151743173599,0.8559022937218348,-0.0008128805955251058,-0.001148944730559985,-0.0004902786165475846,True,10000,42
3k_baseline,telea,0.3,O150 -> O300,psnr_final,300,28.656670347849527,28.605069885253908,-0.051600462595621746,-0.06664371077219645,-0.03712624581654867,True,10000,42
3k_baseline,telea,0.3,O150 -> O300,ssim_final,300,0.8564503832658132,0.855647690097491,-0.0008026931683222453,-0.0011265961329142253,-0.0004983831842740378,True,10000,42
3k_baseline,navier,0.1,Random -> O150,ber,300,0.4863333333333333,0.48344444444444445,-0.0028888888888888883,-0.010999999999999996,0.005111111111111108,False,10000,42
3k_baseline,navier,0.1,Random -> O150,psnr_attack,300,21.590018310546874,24.420712776184082,2.830694465637207,2.6366610066890717,3.0271988305250805,True,10000,42
3k_baseline,navier,0.1,Random -> O150,ssim_attack,300,0.6002820259829362,0.6832084739208222,0.08292644793788592,0.07841600477322937,0.08753548988575736,True,10000,42
3k_baseline,navier,0.1,Random -> O150,psnr_final,300,21.52009278933207,24.315628801981607,2.7955360126495363,2.609889561096827,2.9833040477434793,True,10000,42
3k_baseline,navier,0.1,Random -> O150,ssim_final,300,0.5989836318294207,0.6886034090320269,0.08961977720260621,0.08520052715515097,0.0940771234134833,True,10000,42
3k_baseline,navier,0.1,Random -> O300,ber,300,0.4863333333333333,0.4820000000000001,-0.004333333333333332,-0.012000000000000002,0.003444444444444443,False,10000,42
3k_baseline,navier,0.1,Random -> O300,psnr_attack,300,21.590018310546874,24.577697041829428,2.987678731282552,2.7928710391521454,3.1849102425575255,True,10000,42
3k_baseline,navier,0.1,Random -> O300,ssim_attack,300,0.6002820259829362,0.6853995914260547,0.08511756544311841,0.0806212107228736,0.08965100051711003,True,10000,42
3k_baseline,navier,0.1,Random -> O300,psnr_final,300,21.52009278933207,24.457443176905315,2.9373503875732423,2.7506816262404126,3.125323048273722,True,10000,42
3k_baseline,navier,0.1,Random -> O300,ssim_final,300,0.5989836318294207,0.6909902287522952,0.09200659692287445,0.08768823293348153,0.0964262683900694,True,10000,42
3k_baseline,navier,0.1,O150 -> O300,ber,300,0.48344444444444445,0.4820000000000001,-0.001444444444444444,-0.007558333333333336,0.004666666666666665,False,10000,42
3k_baseline,navier,0.1,O150 -> O300,psnr_attack,300,24.420712776184082,24.577697041829428,0.15698426564534504,0.13294903198877972,0.18091863870620728,True,10000,42
3k_baseline,navier,0.1,O150 -> O300,ssim_attack,300,0.6832084739208222,0.6853995914260547,0.0021911175052324932,0.0014359627614418664,0.002943349979817867,True,10000,42
3k_baseline,navier,0.1,O150 -> O300,psnr_final,300,24.315628801981607,24.457443176905315,0.14181437492370605,0.11788425978024801,0.16606459776560467,True,10000,42
3k_baseline,navier,0.1,O150 -> O300,ssim_final,300,0.6886034090320269,0.6909902287522952,0.0023868197202682497,0.0016441439812382064,0.0031488022133708,True,10000,42
3k_baseline,navier,0.3,Random -> O150,ber,300,0.36366666666666664,0.3204444444444444,-0.043222222222222224,-0.05222499999999999,-0.03411111111111108,True,10000,42
3k_baseline,navier,0.3,Random -> O150,psnr_attack,300,24.800537926355997,31.659030323028563,6.858492396672567,6.5972884987990055,7.117058032989502,True,10000,42
3k_baseline,navier,0.3,Random -> O150,ssim_attack,300,0.7720932962497076,0.8817453815539678,0.10965208530426025,0.10377021313707034,0.11559809153775374,True,10000,42
3k_baseline,navier,0.3,Random -> O150,psnr_final,300,24.54430902481079,30.596203994750976,6.051894969940186,5.838274137020111,6.2622061111132306,True,10000,42
3k_baseline,navier,0.3,Random -> O150,ssim_final,300,0.7561704691251119,0.8794614668687185,0.12329099774360656,0.11744360451896985,0.12913904224832853,True,10000,42
3k_baseline,navier,0.3,Random -> O300,ber,300,0.36366666666666664,0.3128888888888889,-0.05077777777777778,-0.06033333333333329,-0.04144444444444441,True,10000,42
3k_baseline,navier,0.3,Random -> O300,psnr_attack,300,24.800537926355997,31.66457504272461,6.864037116368611,6.6037129414081575,7.124165676275889,True,10000,42
3k_baseline,navier,0.3,Random -> O300,ssim_attack,300,0.7720932962497076,0.8816271768013636,0.10953388055165608,0.10364849428335825,0.1154509052981933,True,10000,42
3k_baseline,navier,0.3,Random -> O300,psnr_final,300,24.54430902481079,30.59091512044271,6.046606095631917,5.832173744519552,6.257879269440968,True,10000,42
3k_baseline,navier,0.3,Random -> O300,ssim_final,300,0.7561704691251119,0.8793113362789154,0.12314086715380351,0.11732022747645775,0.12898567783584197,True,10000,42
3k_baseline,navier,0.3,O150 -> O300,ber,300,0.3204444444444444,0.3128888888888889,-0.007555555555555555,-0.013888888888888886,-0.0013333333333333316,True,10000,42
3k_baseline,navier,0.3,O150 -> O300,psnr_attack,300,31.659030323028563,31.66457504272461,0.005544719696044922,-0.011057719548543295,0.0217526036898295,False,10000,42
3k_baseline,navier,0.3,O150 -> O300,ssim_attack,300,0.8817453815539678,0.8816271768013636,-0.00011820475260416667,-0.00043459526697794596,0.00019094091653823838,False,10000,42
3k_baseline,navier,0.3,O150 -> O300,psnr_final,300,30.596203994750976,30.59091512044271,-0.005288874308268229,-0.018203835646311443,0.007360980510711669,False,10000,42
3k_baseline,navier,0.3,O150 -> O300,ssim_final,300,0.8794614668687185,0.8793113362789154,-0.0001501305898030599,-0.0004521774103244146,0.00014619808892409004,False,10000,42
3k_gaussian_blur,diffusion,0.1,Random -> O150,ber,300,0.3653333333333333,0.3887777777777778,0.023444444444444445,0.014222222222222228,0.032891666666666625,True,10000,42
3k_gaussian_blur,diffusion,0.1,Random -> O150,psnr_attack,300,22.50516037305196,27.04722602844238,4.542065655390422,4.337718190431595,4.74946079246203,True,10000,42
3k_gaussian_blur,diffusion,0.1,Random -> O150,ssim_attack,300,0.6153536509970824,0.750822375714779,0.1354687247176965,0.12929378769298394,0.1416617680254082,True,10000,42
3k_gaussian_blur,diffusion,0.1,Random -> O150,psnr_final,300,22.300091206232707,26.841521027882894,4.541429821650187,4.338024978319804,4.746529969135921,True,10000,42
3k_gaussian_blur,diffusion,0.1,Random -> O150,ssim_final,300,0.6170731923977534,0.7697805560628573,0.1527073636651039,0.14684503400822482,0.15850832422574362,True,10000,42
3k_gaussian_blur,diffusion,0.1,Random -> O300,ber,300,0.3653333333333333,0.3827777777777778,0.017444444444444443,0.00788888888888889,0.027333333333333338,True,10000,42
3k_gaussian_blur,diffusion,0.1,Random -> O300,psnr_attack,300,22.50516037305196,25.406383323669434,2.9012229506174725,2.7460013060569763,3.0565632316271465,True,10000,42
3k_gaussian_blur,diffusion,0.1,Random -> O300,ssim_attack,300,0.6153536509970824,0.731857199370861,0.11650354837377866,0.10896851130202413,0.12400260917469859,True,10000,42
3k_gaussian_blur,diffusion,0.1,Random -> O300,psnr_final,300,22.300091206232707,25.27432148615519,2.9742302799224856,2.821890616416931,3.1240433816909787,True,10000,42
3k_gaussian_blur,diffusion,0.1,Random -> O300,ssim_final,300,0.6170731923977534,0.7501850392421087,0.13311184684435526,0.12597459911058348,0.14019631397227447,True,10000,42
3k_gaussian_blur,diffusion,0.1,O150 -> O300,ber,300,0.3887777777777778,0.3827777777777778,-0.006,-0.01211111111111111,0.00022222222222222272,False,10000,42
3k_gaussian_blur,diffusion,0.1,O150 -> O300,psnr_attack,300,27.04722602844238,25.406383323669434,-1.6408427047729492,-1.8146916631062826,-1.4751869544982912,True,10000,42
3k_gaussian_blur,diffusion,0.1,O150 -> O300,ssim_attack,300,0.750822375714779,0.731857199370861,-0.018965176343917846,-0.021466341689229014,-0.016647265983124576,True,10000,42
3k_gaussian_blur,diffusion,0.1,O150 -> O300,psnr_final,300,26.841521027882894,25.27432148615519,-1.5671995417277018,-1.7362730189959208,-1.4060301191012066,True,10000,42
3k_gaussian_blur,diffusion,0.1,O150 -> O300,ssim_final,300,0.7697805560628573,0.7501850392421087,-0.019595516820748646,-0.021984357900917528,-0.017302110160390537,True,10000,42
3k_gaussian_blur,diffusion,0.3,Random -> O150,ber,300,0.13955555555555554,0.16455555555555557,0.025,0.01766666666666665,0.03255555555555553,True,10000,42
3k_gaussian_blur,diffusion,0.3,Random -> O150,psnr_attack,300,25.615559231440226,33.83011819203695,8.21455896059672,7.9554870993296305,8.47242543554306,True,10000,42
3k_gaussian_blur,diffusion,0.3,Random -> O150,ssim_attack,300,0.7870048042138418,0.9054457614819209,0.11844095726807913,0.11189391640325387,0.12522080921630063,True,10000,42
3k_gaussian_blur,diffusion,0.3,Random -> O150,psnr_final,300,25.07407430966695,31.917560799916586,6.843486490249634,6.6152231742540994,7.066566219250361,True,10000,42
3k_gaussian_blur,diffusion,0.3,Random -> O150,ssim_final,300,0.7626674130558968,0.9079258642594019,0.1452584512035052,0.13866267812500396,0.15194331857313711,True,10000,42
3k_gaussian_blur,diffusion,0.3,Random -> O300,ber,300,0.13955555555555554,0.16455555555555557,0.025,0.01777777777777776,0.032333333333333325,True,10000,42
3k_gaussian_blur,diffusion,0.3,Random -> O300,psnr_attack,300,25.615559231440226,32.628962224324546,7.013402992884318,6.775209754784902,7.245616609652837,True,10000,42
3k_gaussian_blur,diffusion,0.3,Random -> O300,ssim_attack,300,0.7870048042138418,0.8969013180335362,0.10989651381969452,0.10310498911142349,0.11698646604021391,True,10000,42
3k_gaussian_blur,diffusion,0.3,Random -> O300,psnr_final,300,25.07407430966695,31.080291341145834,6.006217031478882,5.7979486695925395,6.2057921872138975,True,10000,42
3k_gaussian_blur,diffusion,0.3,Random -> O300,ssim_final,300,0.7626674130558968,0.8993545361359914,0.13668712308009465,0.12992206012705962,0.14353934177011252,True,10000,42
3k_gaussian_blur,diffusion,0.3,O150 -> O300,ber,300,0.16455555555555557,0.16455555555555557,0.0,-0.004555555555555553,0.004333333333333335,False,10000,42
3k_gaussian_blur,diffusion,0.3,O150 -> O300,psnr_attack,300,33.83011819203695,32.628962224324546,-1.2011559677124024,-1.3889338788986207,-1.02820161151886,True,10000,42
3k_gaussian_blur,diffusion,0.3,O150 -> O300,ssim_attack,300,0.9054457614819209,0.8969013180335362,-0.008544443448384603,-0.010052172382672628,-0.007149888937671979,True,10000,42
3k_gaussian_blur,diffusion,0.3,O150 -> O300,psnr_final,300,31.917560799916586,31.080291341145834,-0.837269458770752,-0.9779564057985941,-0.7075914543469747,True,10000,42
3k_gaussian_blur,diffusion,0.3,O150 -> O300,ssim_final,300,0.9079258642594019,0.8993545361359914,-0.008571328123410544,-0.010073695778846741,-0.00719584729274114,True,10000,42
3k_gaussian_blur,mean,0.1,Random -> O150,ber,300,0.47600000000000003,0.46188888888888885,-0.01411111111111111,-0.022999999999999996,-0.005222222222222223,True,10000,42
3k_gaussian_blur,mean,0.1,Random -> O150,psnr_attack,300,14.622033150990804,14.328310198783875,-0.2937229522069295,-0.3715769268274307,-0.21909554104010262,True,10000,42
3k_gaussian_blur,mean,0.1,Random -> O150,ssim_attack,300,0.2741941610972087,0.4235330100357533,0.1493388489385446,0.1407265180107206,0.157579172341153,True,10000,42
3k_gaussian_blur,mean,0.1,Random -> O150,psnr_final,300,14.603221683502197,14.324939343134561,-0.2782823403676351,-0.35596610403060913,-0.20407281327247623,True,10000,42
3k_gaussian_blur,mean,0.1,Random -> O150,ssim_final,300,0.27713782315452895,0.4353899674117565,0.15825214425722758,0.14904084563876194,0.1669100070359806,True,10000,42
3k_gaussian_blur,mean,0.1,Random -> O300,ber,300,0.47600000000000003,0.45811111111111114,-0.01788888888888889,-0.026666666666666648,-0.009333333333333336,True,10000,42
3k_gaussian_blur,mean,0.1,Random -> O300,psnr_attack,300,14.622033150990804,14.27913933912913,-0.342893811861674,-0.4281569633483887,-0.26132189452648164,True,10000,42
3k_gaussian_blur,mean,0.1,Random -> O300,ssim_attack,300,0.2741941610972087,0.42983565643429755,0.1556414953370889,0.1470000927001238,0.163974638691172,True,10000,42
3k_gaussian_blur,mean,0.1,Random -> O300,psnr_final,300,14.603221683502197,14.275397760073345,-0.32782392342885336,-0.4136418280998866,-0.24680592981974284,True,10000,42
3k_gaussian_blur,mean,0.1,Random -> O300,ssim_final,300,0.27713782315452895,0.442712645928065,0.16557482277353605,0.15636137113285561,0.17436613649067778,True,10000,42
3k_gaussian_blur,mean,0.1,O150 -> O300,ber,300,0.46188888888888885,0.45811111111111114,-0.003777777777777779,-0.009444444444444446,0.0018888888888888874,False,10000,42
3k_gaussian_blur,mean,0.1,O150 -> O300,psnr_attack,300,14.328310198783875,14.27913933912913,-0.049170859654744464,-0.058865801095962525,-0.04021817747751872,True,10000,42
3k_gaussian_blur,mean,0.1,O150 -> O300,ssim_attack,300,0.4235330100357533,0.42983565643429755,0.0063026463985443116,0.0052090416252613065,0.0075132635074357185,True,10000,42
3k_gaussian_blur,mean,0.1,O150 -> O300,psnr_final,300,14.324939343134561,14.275397760073345,-0.04954158306121826,-0.05923993806044261,-0.04060173364480337,True,10000,42
3k_gaussian_blur,mean,0.1,O150 -> O300,ssim_final,300,0.4353899674117565,0.442712645928065,0.0073226785163084665,0.006094129169980685,0.008653958305716514,True,10000,42
3k_gaussian_blur,mean,0.3,Random -> O150,ber,300,0.4266666666666667,0.3846666666666667,-0.041999999999999996,-0.05022499999999998,-0.03399999999999999,True,10000,42
3k_gaussian_blur,mean,0.3,Random -> O150,psnr_attack,300,15.713592418034871,15.68162805557251,-0.03196436246236165,-0.11258788069089253,0.048769727230071995,False,10000,42
3k_gaussian_blur,mean,0.3,Random -> O150,ssim_attack,300,0.33218549109995366,0.47706843142708144,0.14488294032712778,0.13624570220212143,0.15337134994007648,True,10000,42
3k_gaussian_blur,mean,0.3,Random -> O150,psnr_final,300,15.67004316965739,15.650208511352538,-0.01983465830485026,-0.09976991907755534,0.05958685715993244,False,10000,42
3k_gaussian_blur,mean,0.3,Random -> O150,ssim_final,300,0.32369816914200783,0.4783483427762985,0.1546501736342907,0.1456828408818692,0.1634273288473487,True,10000,42
3k_gaussian_blur,mean,0.3,Random -> O300,ber,300,0.4266666666666667,0.3824444444444444,-0.04422222222222222,-0.052666666666666626,-0.035888888888888894,True,10000,42
3k_gaussian_blur,mean,0.3,Random -> O300,psnr_attack,300,15.713592418034871,15.665661052068074,-0.047931365966796875,-0.13096279033025104,0.034374603827794385,False,10000,42
3k_gaussian_blur,mean,0.3,Random -> O300,ssim_attack,300,0.33218549109995366,0.48214108606179557,0.1499555949618419,0.14102608321979643,0.15877896109471717,True,10000,42
3k_gaussian_blur,mean,0.3,Random -> O300,psnr_final,300,15.67004316965739,15.634048566818237,-0.03599460283915202,-0.11799888626734416,0.04476895236968994,False,10000,42
3k_gaussian_blur,mean,0.3,Random -> O300,ssim_final,300,0.32369816914200783,0.48420439526438713,0.1605062261223793,0.15131238364614547,0.16955908409009376,True,10000,42
3k_gaussian_blur,mean,0.3,O150 -> O300,ber,300,0.3846666666666667,0.3824444444444444,-0.002222222222222222,-0.00722222222222222,0.002666666666666668,False,10000,42
3k_gaussian_blur,mean,0.3,O150 -> O300,psnr_attack,300,15.68162805557251,15.665661052068074,-0.01596700350443522,-0.019678874333699546,-0.012564632336298625,True,10000,42
3k_gaussian_blur,mean,0.3,O150 -> O300,ssim_attack,300,0.47706843142708144,0.48214108606179557,0.005072654634714127,0.004067090665300688,0.006169160972038905,True,10000,42
3k_gaussian_blur,mean,0.3,O150 -> O300,psnr_final,300,15.650208511352538,15.634048566818237,-0.016159944534301758,-0.019849054733912148,-0.012759915351867678,True,10000,42
3k_gaussian_blur,mean,0.3,O150 -> O300,ssim_final,300,0.4783483427762985,0.48420439526438713,0.005856052488088608,0.004752885064731042,0.0070701986253261535,True,10000,42
3k_gaussian_blur,telea,0.1,Random -> O150,ber,300,0.42633333333333334,0.42466666666666664,-0.0016666666666666668,-0.009444444444444436,0.005999999999999996,False,10000,42
3k_gaussian_blur,telea,0.1,Random -> O150,psnr_attack,300,21.800865875879925,23.550599699020385,1.7497338231404622,1.6229823541641235,1.8825125314394633,True,10000,42
3k_gaussian_blur,telea,0.1,Random -> O150,ssim_attack,300,0.5866116428375244,0.663534362812837,0.07692271997531255,0.07183284690231086,0.08227316684772572,True,10000,42
3k_gaussian_blur,telea,0.1,Random -> O150,psnr_final,300,21.65253850618998,23.416989345550537,1.764450839360555,1.6394049152533212,1.8943764417966207,True,10000,42
3k_gaussian_blur,telea,0.1,Random -> O150,ssim_final,300,0.5917284588019053,0.6763429312904676,0.08461447248856227,0.07925237182776133,0.09018957161158324,True,10000,42
3k_gaussian_blur,telea,0.1,Random -> O300,ber,300,0.42633333333333334,0.42333333333333334,-0.0029999999999999996,-0.01055555555555556,0.004555555555555558,False,10000,42
3k_gaussian_blur,telea,0.1,Random -> O300,psnr_attack,300,21.800865875879925,23.598554191589354,1.7976883157094319,1.6738812644481658,1.9259714239438375,True,10000,42
3k_gaussian_blur,telea,0.1,Random -> O300,ssim_attack,300,0.5866116428375244,0.66411857376496,0.07750693092743556,0.07232350343217452,0.08291915506124496,True,10000,42
3k_gaussian_blur,telea,0.1,Random -> O300,psnr_final,300,21.65253850618998,23.47040491104126,1.8178664048512776,1.6962269752820331,1.944358396132787,True,10000,42
3k_gaussian_blur,telea,0.1,Random -> O300,ssim_final,300,0.5917284588019053,0.6777332638700803,0.086004805068175,0.08070208169271549,0.09155609329541524,True,10000,42
3k_gaussian_blur,telea,0.1,O150 -> O300,ber,300,0.42466666666666664,0.42333333333333334,-0.001333333333333333,-0.008111111111111112,0.005444444444444442,False,10000,42
3k_gaussian_blur,telea,0.1,O150 -> O300,psnr_attack,300,23.550599699020385,23.598554191589354,0.04795449256896973,0.024461142619450888,0.07198974068959554,True,10000,42
3k_gaussian_blur,telea,0.1,O150 -> O300,ssim_attack,300,0.663534362812837,0.66411857376496,0.0005842109521230061,-0.0001952444016933441,0.0013871493538220724,False,10000,42
3k_gaussian_blur,telea,0.1,O150 -> O300,psnr_final,300,23.416989345550537,23.47040491104126,0.053415565490722655,0.02994488302866618,0.07701741059621174,True,10000,42
3k_gaussian_blur,telea,0.1,O150 -> O300,ssim_final,300,0.6763429312904676,0.6777332638700803,0.001390332579612732,0.0006005419169863066,0.0021907431259751316,True,10000,42
3k_gaussian_blur,telea,0.3,Random -> O150,ber,300,0.2454444444444444,0.24088888888888893,-0.004555555555555554,-0.012111111111111109,0.0032222222222222183,False,10000,42
3k_gaussian_blur,telea,0.3,Random -> O150,psnr_attack,300,24.195047210057577,29.40357116063436,5.208523950576782,4.992664384762446,5.425205221494039,True,10000,42
3k_gaussian_blur,telea,0.3,Random -> O150,ssim_attack,300,0.7298529815673828,0.8472602514425913,0.11740726987520854,0.11187188617885113,0.12306120605766772,True,10000,42
3k_gaussian_blur,telea,0.3,Random -> O150,psnr_final,300,23.86017605781555,28.583931776682537,4.723755718866984,4.540149017175038,4.90702026549975,True,10000,42
3k_gaussian_blur,telea,0.3,Random -> O150,ssim_final,300,0.7157606047391891,0.8505272885163625,0.13476668377717335,0.12910868042707443,0.1404648619890213,True,10000,42
3k_gaussian_blur,telea,0.3,Random -> O300,ber,300,0.2454444444444444,0.242,-0.003444444444444444,-0.010555555555555554,0.003666666666666668,False,10000,42
3k_gaussian_blur,telea,0.3,Random -> O300,psnr_attack,300,24.195047210057577,29.354564698537192,5.159517488479614,4.94061066365242,5.377026648839315,True,10000,42
3k_gaussian_blur,telea,0.3,Random -> O300,ssim_attack,300,0.7298529815673828,0.8462572505076726,0.11640426894028981,0.11086674909293652,0.1220965389708678,True,10000,42
3k_gaussian_blur,telea,0.3,Random -> O300,psnr_final,300,23.86017605781555,28.5468031056722,4.686627047856649,4.500103192726772,4.8719036259651185,True,10000,42
3k_gaussian_blur,telea,0.3,Random -> O300,ssim_final,300,0.7157606047391891,0.8499256726106008,0.13416506787141164,0.12849186001718046,0.13985341305037338,True,10000,42
3k_gaussian_blur,telea,0.3,O150 -> O300,ber,300,0.24088888888888893,0.242,0.0011111111111111107,-0.003999999999999999,0.00611111111111111,False,10000,42
3k_gaussian_blur,telea,0.3,O150 -> O300,psnr_attack,300,29.40357116063436,29.354564698537192,-0.04900646209716797,-0.0656753478050232,-0.03267201042175294,True,10000,42
3k_gaussian_blur,telea,0.3,O150 -> O300,ssim_attack,300,0.8472602514425913,0.8462572505076726,-0.0010030009349187214,-0.001346864735086759,-0.0006880915164947511,True,10000,42
3k_gaussian_blur,telea,0.3,O150 -> O300,psnr_final,300,28.583931776682537,28.5468031056722,-0.03712867101033528,-0.05189206409454345,-0.022059716383616132,True,10000,42
3k_gaussian_blur,telea,0.3,O150 -> O300,ssim_final,300,0.8505272885163625,0.8499256726106008,-0.0006016159057617188,-0.0009297609776258469,-0.00028308361272017164,True,10000,42
3k_gaussian_blur,navier,0.1,Random -> O150,ber,300,0.3897777777777778,0.4075555555555556,0.01777777777777778,0.008444444444444442,0.02700277777777774,True,10000,42
3k_gaussian_blur,navier,0.1,Random -> O150,psnr_attack,300,21.641283842722576,24.373173996607463,2.731890153884888,2.5559274619420367,2.9127374281883243,True,10000,42
3k_gaussian_blur,navier,0.1,Random -> O150,ssim_attack,300,0.5901580771803856,0.6686079983909925,0.0784499212106069,0.07377079833050569,0.08319282137354214,True,10000,42
3k_gaussian_blur,navier,0.1,Random -> O150,psnr_final,300,21.48640155474345,24.224379212061564,2.7379776573181154,2.569265725215276,2.912699864387512,True,10000,42
3k_gaussian_blur,navier,0.1,Random -> O150,ssim_final,300,0.5912503621975581,0.6814337487022082,0.09018338650465012,0.08536265208572148,0.09509698876490195,True,10000,42
3k_gaussian_blur,navier,0.1,Random -> O300,ber,300,0.3897777777777778,0.40088888888888885,0.011111111111111113,0.002222222222222223,0.019888888888888893,True,10000,42
3k_gaussian_blur,navier,0.1,Random -> O300,psnr_attack,300,21.641283842722576,24.520981225967407,2.8796973832448325,2.7026100006103517,3.060237102985382,True,10000,42
3k_gaussian_blur,navier,0.1,Random -> O300,ssim_attack,300,0.5901580771803856,0.6705574318766594,0.08039935469627381,0.0757099357371529,0.08514211787531772,True,10000,42
3k_gaussian_blur,navier,0.1,Random -> O300,psnr_final,300,21.48640155474345,24.37595224380493,2.889550689061483,2.7190296355088552,3.064262449502945,True,10000,42
3k_gaussian_blur,navier,0.1,Random -> O300,ssim_final,300,0.5912503621975581,0.6843874442577362,0.09313708206017812,0.08833253284047048,0.09796472563470403,True,10000,42
3k_gaussian_blur,navier,0.1,O150 -> O300,ber,300,0.4075555555555556,0.40088888888888885,-0.006666666666666665,-0.014666666666666661,0.0010000000000000018,False,10000,42
3k_gaussian_blur,navier,0.1,O150 -> O300,psnr_attack,300,24.373173996607463,24.520981225967407,0.14780722935994467,0.1243726704120636,0.1712699006398519,True,10000,42
3k_gaussian_blur,navier,0.1,O150 -> O300,ssim_attack,300,0.6686079983909925,0.6705574318766594,0.0019494334856669107,0.0012073591103156408,0.0026980311696728067,True,10000,42
3k_gaussian_blur,navier,0.1,O150 -> O300,psnr_final,300,24.224379212061564,24.37595224380493,0.1515730317433675,0.12779545958836871,0.17591882348060606,True,10000,42
3k_gaussian_blur,navier,0.1,O150 -> O300,ssim_final,300,0.6814337487022082,0.6843874442577362,0.0029536955555280048,0.002160329322020213,0.003764398535092671,True,10000,42
3k_gaussian_blur,navier,0.3,Random -> O150,ber,300,0.1612222222222222,0.18544444444444444,0.02422222222222222,0.01633333333333333,0.032444444444444435,True,10000,42
3k_gaussian_blur,navier,0.3,Random -> O150,psnr_attack,300,24.8291521135966,31.43343694051107,6.604284826914469,6.363394163608551,6.843350675741831,True,10000,42
3k_gaussian_blur,navier,0.3,Random -> O150,ssim_attack,300,0.7657591695586841,0.8702244106928507,0.10446524113416672,0.09846064900110164,0.11057585348685582,True,10000,42
3k_gaussian_blur,navier,0.3,Random -> O150,psnr_final,300,24.398089237213135,30.149303690592447,5.751214453379313,5.546219766139984,5.958705376625061,True,10000,42
3k_gaussian_blur,navier,0.3,Random -> O150,ssim_final,300,0.7427005218466123,0.8697009366750718,0.12700041482845942,0.12094457767903805,0.13308225436757007,True,10000,42
3k_gaussian_blur,navier,0.3,Random -> O300,ber,300,0.1612222222222222,0.18855555555555553,0.027333333333333338,0.0198861111111111,0.034777777777777776,True,10000,42
3k_gaussian_blur,navier,0.3,Random -> O300,psnr_attack,300,24.8291521135966,31.439260533650717,6.610108420054118,6.369306779066722,6.849938815752665,True,10000,42
3k_gaussian_blur,navier,0.3,Random -> O300,ssim_attack,300,0.7657591695586841,0.870118392308553,0.10435922274986903,0.09841765754918257,0.11043656895558039,True,10000,42
3k_gaussian_blur,navier,0.3,Random -> O300,psnr_final,300,24.398089237213135,30.15769993464152,5.759610697428386,5.554243307908376,5.966338430722554,True,10000,42
3k_gaussian_blur,navier,0.3,Random -> O300,ssim_final,300,0.7427005218466123,0.8699699328343073,0.12726941098769506,0.12124913572520017,0.133345989557604,True,10000,42
3k_gaussian_blur,navier,0.3,O150 -> O300,ber,300,0.18544444444444444,0.18855555555555553,0.003111111111111112,-0.002222222222222222,0.008222222222222221,False,10000,42
3k_gaussian_blur,navier,0.3,O150 -> O300,psnr_attack,300,31.43343694051107,31.439260533650717,0.005823593139648437,-0.009908237775166829,0.021083114782969155,False,10000,42
3k_gaussian_blur,navier,0.3,O150 -> O300,ssim_attack,300,0.8702244106928507,0.870118392308553,-0.0001060183842976888,-0.0004115202724933624,0.0001973487138748168,False,10000,42
3k_gaussian_blur,navier,0.3,O150 -> O300,psnr_final,300,30.149303690592447,30.15769993464152,0.008396244049072266,-0.004859205722808838,0.02184495210647583,False,10000,42
3k_gaussian_blur,navier,0.3,O150 -> O300,ssim_final,300,0.8697009366750718,0.8699699328343073,0.0002689961592356364,-5.2158693472544353e-05,0.0005947783390680948,False,10000,42
3k_haar_wavelet,diffusion,0.1,Random -> O150,ber,300,0.42866666666666664,0.38666666666666666,-0.042,-0.05066666666666663,-0.03355555555555554,True,10000,42
3k_haar_wavelet,diffusion,0.1,Random -> O150,psnr_attack,300,21.956230916976928,25.924301986694335,3.968071069717407,3.7910561798413593,4.147048485676448,True,10000,42
3k_haar_wavelet,diffusion,0.1,Random -> O150,ssim_attack,300,0.5958279885848363,0.7268717441956202,0.1310437556107839,0.12513152885933715,0.13693716284632684,True,10000,42
3k_haar_wavelet,diffusion,0.1,Random -> O150,psnr_final,300,22.038891220092772,25.806188259124756,3.767297039031982,3.595564078251521,3.9409592512448626,True,10000,42
3k_haar_wavelet,diffusion,0.1,Random -> O150,ssim_final,300,0.6170407340923945,0.7671819191177686,0.1501411850253741,0.14455238998681305,0.1557639422491193,True,10000,42
3k_haar_wavelet,diffusion,0.1,Random -> O300,ber,300,0.42866666666666664,0.38722222222222225,-0.041444444444444443,-0.050333333333333286,-0.03233333333333333,True,10000,42
3k_haar_wavelet,diffusion,0.1,Random -> O300,psnr_attack,300,21.956230916976928,24.617704168955484,2.661473251978556,2.527070816040039,2.7979606673717496,True,10000,42
3k_haar_wavelet,diffusion,0.1,Random -> O300,ssim_attack,300,0.5958279885848363,0.7095113907257716,0.11368340214093527,0.10641111619273821,0.12091243321696918,True,10000,42
3k_haar_wavelet,diffusion,0.1,Random -> O300,psnr_final,300,22.038891220092772,24.489564622243247,2.450673402150472,2.305655446688334,2.5927479658921557,True,10000,42
3k_haar_wavelet,diffusion,0.1,Random -> O300,ssim_final,300,0.6170407340923945,0.7478842447201411,0.13084351062774657,0.12402430169284344,0.13756289654225112,True,10000,42
3k_haar_wavelet,diffusion,0.1,O150 -> O300,ber,300,0.38666666666666666,0.38722222222222225,0.0005555555555555563,-0.005111111111111108,0.006222222222222223,False,10000,42
3k_haar_wavelet,diffusion,0.1,O150 -> O300,psnr_attack,300,25.924301986694335,24.617704168955484,-1.3065978177388509,-1.4567121521631876,-1.1671853807767232,True,10000,42
3k_haar_wavelet,diffusion,0.1,O150 -> O300,ssim_attack,300,0.7268717441956202,0.7095113907257716,-0.017360353469848634,-0.0197967802186807,-0.015106527119874955,True,10000,42
3k_haar_wavelet,diffusion,0.1,O150 -> O300,psnr_final,300,25.806188259124756,24.489564622243247,-1.3166236368815105,-1.4576203478177387,-1.1828887112935385,True,10000,42
3k_haar_wavelet,diffusion,0.1,O150 -> O300,ssim_final,300,0.7671819191177686,0.7478842447201411,-0.01929767439762751,-0.02174590282390515,-0.016962988297144575,True,10000,42
3k_haar_wavelet,diffusion,0.3,Random -> O150,ber,300,0.23755555555555555,0.1852222222222222,-0.05233333333333333,-0.060555555555555515,-0.0442222222222222,True,10000,42
3k_haar_wavelet,diffusion,0.3,Random -> O150,psnr_attack,300,25.10556941986084,32.35038688659668,7.24481746673584,7.0082614110310875,7.481137273788452,True,10000,42
3k_haar_wavelet,diffusion,0.3,Random -> O150,ssim_attack,300,0.7792833687861761,0.8955908268690109,0.11630745808283488,0.11009856190284092,0.12270642288029195,True,10000,42
3k_haar_wavelet,diffusion,0.3,Random -> O150,psnr_final,300,24.482131096522014,29.383410746256512,4.901279649734497,4.688458387295405,5.1139914955298105,True,10000,42
3k_haar_wavelet,diffusion,0.3,Random -> O150,ssim_final,300,0.7578239600857098,0.8959380646546682,0.13811410456895828,0.13161983504891395,0.14470907668521008,True,10000,42
3k_haar_wavelet,diffusion,0.3,Random -> O300,ber,300,0.23755555555555555,0.18955555555555556,-0.047999999999999994,-0.05611111111111107,-0.039888888888888877,True,10000,42
3k_haar_wavelet,diffusion,0.3,Random -> O300,psnr_attack,300,25.10556941986084,31.37749092102051,6.271921501159668,6.067149241765341,6.478754869302114,True,10000,42
3k_haar_wavelet,diffusion,0.3,Random -> O300,ssim_attack,300,0.7792833687861761,0.8868530768156052,0.10756970802942911,0.10099550411105156,0.11443557389080525,True,10000,42
3k_haar_wavelet,diffusion,0.3,Random -> O300,psnr_final,300,24.482131096522014,28.78786116917928,4.305730072657267,4.108965283075968,4.496904723485311,True,10000,42
3k_haar_wavelet,diffusion,0.3,Random -> O300,ssim_final,300,0.7578239600857098,0.8881026774644851,0.13027871737877528,0.12374903469532729,0.13695942494769892,True,10000,42
3k_haar_wavelet,diffusion,0.3,O150 -> O300,ber,300,0.1852222222222222,0.18955555555555556,0.004333333333333333,0.00044444444444444387,0.008113888888888851,True,10000,42
3k_haar_wavelet,diffusion,0.3,O150 -> O300,psnr_attack,300,32.35038688659668,31.37749092102051,-0.9728959655761719,-1.1289734710057577,-0.8266184673309326,True,10000,42
3k_haar_wavelet,diffusion,0.3,O150 -> O300,ssim_attack,300,0.8955908268690109,0.8868530768156052,-0.008737750053405761,-0.010275941709677378,-0.007307615081469218,True,10000,42
3k_haar_wavelet,diffusion,0.3,O150 -> O300,psnr_final,300,29.383410746256512,28.78786116917928,-0.5955495770772298,-0.6982218982378642,-0.5018720566431681,True,10000,42
3k_haar_wavelet,diffusion,0.3,O150 -> O300,ssim_final,300,0.8959380646546682,0.8881026774644851,-0.007835387190183004,-0.00922176102300485,-0.00653431260585785,True,10000,42
3k_haar_wavelet,mean,0.1,Random -> O150,ber,300,0.4498888888888889,0.4446666666666666,-0.005222222222222222,-0.015000000000000006,0.004555555555555556,False,10000,42
3k_haar_wavelet,mean,0.1,Random -> O150,psnr_attack,300,14.572373485565185,14.292093121210733,-0.28028036435445147,-0.3566803615093231,-0.20730857888857532,True,10000,42
3k_haar_wavelet,mean,0.1,Random -> O150,ssim_attack,300,0.26269168610374133,0.40548593615492184,0.14279425005118052,0.13467085251025854,0.15055955338664354,True,10000,42
3k_haar_wavelet,mean,0.1,Random -> O150,psnr_final,300,14.585329895019532,14.28455531915029,-0.30077457586924233,-0.3789479027589162,-0.22577299026648204,True,10000,42
3k_haar_wavelet,mean,0.1,Random -> O150,ssim_final,300,0.27949622181554634,0.43791135971744855,0.1584151379019022,0.14916761877387763,0.16702997824735938,True,10000,42
3k_haar_wavelet,mean,0.1,Random -> O300,ber,300,0.4498888888888889,0.4445555555555556,-0.005333333333333332,-0.014999999999999979,0.004222222222222225,False,10000,42
3k_haar_wavelet,mean,0.1,Random -> O300,psnr_attack,300,14.572373485565185,14.241666968663534,-0.33070651690165204,-0.41534627397855123,-0.25037353777885435,True,10000,42
3k_haar_wavelet,mean,0.1,Random -> O300,ssim_attack,300,0.26269168610374133,0.41180201187729837,0.14911032577355704,0.1409471759746472,0.1569615231839319,True,10000,42
3k_haar_wavelet,mean,0.1,Random -> O300,psnr_final,300,14.585329895019532,14.233768107096354,-0.3515617879231771,-0.4376205350557963,-0.2697469372749329,True,10000,42
3k_haar_wavelet,mean,0.1,Random -> O300,ssim_final,300,0.27949622181554634,0.4454224057495594,0.16592618393401304,0.1566566604661445,0.1745992912140985,True,10000,42
3k_haar_wavelet,mean,0.1,O150 -> O300,ber,300,0.4446666666666666,0.4445555555555556,-0.00011111111111111071,-0.0056666666666666645,0.005333333333333334,False,10000,42
3k_haar_wavelet,mean,0.1,O150 -> O300,psnr_attack,300,14.292093121210733,14.241666968663534,-0.05042615254720052,-0.0602590119043986,-0.04132158557573954,True,10000,42
3k_haar_wavelet,mean,0.1,O150 -> O300,ssim_attack,300,0.40548593615492184,0.41180201187729837,0.006316075722376506,0.005200169283896685,0.007549316520492236,True,10000,42
3k_haar_wavelet,mean,0.1,O150 -> O300,psnr_final,300,14.28455531915029,14.233768107096354,-0.05078721205393473,-0.060666727304458615,-0.041572209119796755,True,10000,42
3k_haar_wavelet,mean,0.1,O150 -> O300,ssim_final,300,0.43791135971744855,0.4454224057495594,0.00751104603211085,0.00628455126658082,0.008831165620436272,True,10000,42
3k_haar_wavelet,mean,0.3,Random -> O150,ber,300,0.37288888888888894,0.3295555555555556,-0.04333333333333333,-0.05322222222222219,-0.03322222222222222,True,10000,42
3k_haar_wavelet,mean,0.3,Random -> O150,psnr_attack,300,15.66484117825826,15.633991867701212,-0.030849310557047527,-0.10761871631940205,0.04492296298344929,False,10000,42
3k_haar_wavelet,mean,0.3,Random -> O150,ssim_attack,300,0.3321394566446543,0.47353754594922065,0.14139808930456638,0.13321213928423822,0.1493870326882849,True,10000,42
3k_haar_wavelet,mean,0.3,Random -> O150,psnr_final,300,15.625079584121703,15.568464733759562,-0.05661485036214193,-0.1340248181025187,0.019769421021143565,False,10000,42
3k_haar_wavelet,mean,0.3,Random -> O150,ssim_final,300,0.3270170718928178,0.48103463475902875,0.15401756286621093,0.14504629194053512,0.16278737723268566,True,10000,42
3k_haar_wavelet,mean,0.3,Random -> O300,ber,300,0.37288888888888894,0.32855555555555555,-0.04433333333333333,-0.05411111111111107,-0.034444444444444416,True,10000,42
3k_haar_wavelet,mean,0.3,Random -> O300,psnr_attack,300,15.66484117825826,15.617687730789184,-0.04715344746907552,-0.12571516084671022,0.02981680862108862,False,10000,42
3k_haar_wavelet,mean,0.3,Random -> O300,ssim_attack,300,0.3321394566446543,0.4785857360561689,0.1464462794115146,0.13797109171003102,0.15483324974030255,True,10000,42
3k_haar_wavelet,mean,0.3,Random -> O300,psnr_final,300,15.625079584121703,15.551841449737548,-0.07323813438415527,-0.15275412797927856,0.0048414303461710335,False,10000,42
3k_haar_wavelet,mean,0.3,Random -> O300,ssim_final,300,0.3270170718928178,0.48689892709255217,0.15988185519973436,0.15058753015473486,0.1689823808732132,True,10000,42
3k_haar_wavelet,mean,0.3,O150 -> O300,ber,300,0.3295555555555556,0.32855555555555555,-0.0010000000000000013,-0.00666666666666667,0.0046666666666666645,False,10000,42
3k_haar_wavelet,mean,0.3,O150 -> O300,psnr_attack,300,15.633991867701212,15.617687730789184,-0.016304136912027995,-0.019912380615870157,-0.012978410005569459,True,10000,42
3k_haar_wavelet,mean,0.3,O150 -> O300,ssim_attack,300,0.47353754594922065,0.4785857360561689,0.005048190106948217,0.004022823403278987,0.006181244237969317,True,10000,42
3k_haar_wavelet,mean,0.3,O150 -> O300,psnr_final,300,15.568464733759562,15.551841449737548,-0.016623284022013348,-0.02025475764274597,-0.013261733293533326,True,10000,42
3k_haar_wavelet,mean,0.3,O150 -> O300,ssim_final,300,0.48103463475902875,0.48689892709255217,0.005864292333523432,0.004774218864738941,0.007053571651379267,True,10000,42
3k_haar_wavelet,telea,0.1,Random -> O150,ber,300,0.42844444444444435,0.3963333333333333,-0.03211111111111111,-0.04099999999999999,-0.0235527777777778,True,10000,42
3k_haar_wavelet,telea,0.1,Random -> O150,psnr_attack,300,21.272211755116782,22.788090782165526,1.5158790270487468,1.4028352914651234,1.6367235647042593,True,10000,42
3k_haar_wavelet,telea,0.1,Random -> O150,ssim_attack,300,0.5673435398936272,0.6403993474443753,0.07305580755074818,0.06794575328876575,0.07839374593148629,True,10000,42
3k_haar_wavelet,telea,0.1,Random -> O150,psnr_final,300,21.362344268163046,22.76288020769755,1.4005359395345052,1.2898496861457824,1.5167981393337249,True,10000,42
3k_haar_wavelet,telea,0.1,Random -> O150,ssim_final,300,0.58908582786719,0.6658437137802442,0.07675788591305414,0.07139489562064409,0.08234860612203677,True,10000,42
3k_haar_wavelet,telea,0.1,Random -> O300,ber,300,0.42844444444444435,0.39644444444444443,-0.032,-0.040666666666666657,-0.02322222222222222,True,10000,42
3k_haar_wavelet,telea,0.1,Random -> O300,psnr_attack,300,21.272211755116782,22.82355588912964,1.551344134012858,1.4398554550011953,1.6678807860215505,True,10000,42
3k_haar_wavelet,telea,0.1,Random -> O300,ssim_attack,300,0.5673435398936272,0.6412227406104406,0.0738792007168134,0.0687220721716682,0.07924375573794047,True,10000,42
3k_haar_wavelet,telea,0.1,Random -> O300,psnr_final,300,21.362344268163046,22.772212867736815,1.4098685995737712,1.3016194321314494,1.5231385281880696,True,10000,42
3k_haar_wavelet,telea,0.1,Random -> O300,ssim_final,300,0.58908582786719,0.6673606305321058,0.07827480266491572,0.07294427877416214,0.08386398571978013,True,10000,42
3k_haar_wavelet,telea,0.1,O150 -> O300,ber,300,0.3963333333333333,0.39644444444444443,0.0001111111111111109,-0.006222222222222222,0.006444444444444445,False,10000,42
3k_haar_wavelet,telea,0.1,O150 -> O300,psnr_attack,300,22.788090782165526,22.82355588912964,0.03546510696411133,0.01171263591448466,0.05933345071474711,True,10000,42
3k_haar_wavelet,telea,0.1,O150 -> O300,ssim_attack,300,0.6403993474443753,0.6412227406104406,0.0008233931660652161,-1.3977048297723112e-05,0.0016916961471239722,False,10000,42
3k_haar_wavelet,telea,0.1,O150 -> O300,psnr_final,300,22.76288020769755,22.772212867736815,0.009332660039265951,-0.01821100370089213,0.036628846963246656,False,10000,42
3k_haar_wavelet,telea,0.1,O150 -> O300,ssim_final,300,0.6658437137802442,0.6673606305321058,0.0015169167518615722,0.0006155084297060966,0.002449988859395186,True,10000,42
3k_haar_wavelet,telea,0.3,Random -> O150,ber,300,0.27877777777777774,0.21688888888888888,-0.061888888888888875,-0.07088888888888886,-0.05266666666666661,True,10000,42
3k_haar_wavelet,telea,0.3,Random -> O150,psnr_attack,300,23.688877442677814,28.397950134277345,4.709072691599528,4.508179592768351,4.912055124918619,True,10000,42
3k_haar_wavelet,telea,0.3,Random -> O150,ssim_attack,300,0.7198773228128751,0.8336932614445687,0.11381593863169352,0.1086016328384479,0.11917964983483156,True,10000,42
3k_haar_wavelet,telea,0.3,Random -> O150,psnr_final,300,23.440858449935913,27.139781424204507,3.698922974268595,3.5402799538771315,3.858244525909424,True,10000,42
3k_haar_wavelet,telea,0.3,Random -> O150,ssim_final,300,0.7121511030197144,0.8388876940806707,0.12673659106095633,0.12121338729808728,0.13234984342753886,True,10000,42
3k_haar_wavelet,telea,0.3,Random -> O300,ber,300,0.27877777777777774,0.21655555555555556,-0.062222222222222213,-0.07111111111111108,-0.05321944444444442,True,10000,42
3k_haar_wavelet,telea,0.3,Random -> O300,psnr_attack,300,23.688877442677814,28.341211382548014,4.652333939870198,4.45092576789856,4.854657458146414,True,10000,42
3k_haar_wavelet,telea,0.3,Random -> O300,ssim_attack,300,0.7198773228128751,0.8323995673656464,0.11252224455277125,0.10723436425874631,0.11797362238417068,True,10000,42
3k_haar_wavelet,telea,0.3,Random -> O300,psnr_final,300,23.440858449935913,27.093300139109292,3.6524416891733806,3.4953246796131134,3.8103685204188027,True,10000,42
3k_haar_wavelet,telea,0.3,Random -> O300,ssim_final,300,0.7121511030197144,0.8383184284965197,0.12616732547680537,0.12061834246168533,0.13177723617851733,True,10000,42
3k_haar_wavelet,telea,0.3,O150 -> O300,ber,300,0.21688888888888888,0.21655555555555556,-0.0003333333333333342,-0.0052222222222222245,0.004555555555555556,False,10000,42
3k_haar_wavelet,telea,0.3,O150 -> O300,psnr_attack,300,28.397950134277345,28.341211382548014,-0.05673875172932943,-0.07389720217386882,-0.04012316703796387,True,10000,42
3k_haar_wavelet,telea,0.3,O150 -> O300,ssim_attack,300,0.8336932614445687,0.8323995673656464,-0.0012936940789222717,-0.0016800132518013317,-0.0009212477778395018,True,10000,42
3k_haar_wavelet,telea,0.3,O150 -> O300,psnr_final,300,27.139781424204507,27.093300139109292,-0.04648128509521485,-0.06257546997070312,-0.03061323022842409,True,10000,42
3k_haar_wavelet,telea,0.3,O150 -> O300,ssim_final,300,0.8388876940806707,0.8383184284965197,-0.0005692655841509502,-0.0009596676627794902,-0.00019813089817762378,True,10000,42
3k_haar_wavelet,navier,0.1,Random -> O150,ber,300,0.42244444444444446,0.38699999999999996,-0.035444444444444445,-0.04388888888888888,-0.02722222222222222,True,10000,42
3k_haar_wavelet,navier,0.1,Random -> O150,psnr_attack,300,21.108802410761516,23.43900973637899,2.3302073256174722,2.1700965482393904,2.495943740447362,True,10000,42
3k_haar_wavelet,navier,0.1,Random -> O150,ssim_attack,300,0.5723651088277499,0.6468470041950544,0.07448189536730448,0.06985199718922376,0.0792065707668662,True,10000,42
3k_haar_wavelet,navier,0.1,Random -> O150,psnr_final,300,21.111182441711424,23.267384815216065,2.1562023735046387,2.002519842863083,2.314112684090932,True,10000,42
3k_haar_wavelet,navier,0.1,Random -> O150,ssim_final,300,0.5832581688463688,0.6654319972793261,0.08217382843295733,0.07729177096361915,0.08719269542644421,True,10000,42
3k_haar_wavelet,navier,0.1,Random -> O300,ber,300,0.42244444444444446,0.3845555555555556,-0.03788888888888889,-0.04711111111111106,-0.029222222222222212,True,10000,42
3k_haar_wavelet,navier,0.1,Random -> O300,psnr_attack,300,21.108802410761516,23.5597984345754,2.4509960238138833,2.29071320382754,2.6164282901287077,True,10000,42
3k_haar_wavelet,navier,0.1,Random -> O300,ssim_attack,300,0.5723651088277499,0.6489616949359576,0.0765965861082077,0.07198736751576265,0.08135151923944553,True,10000,42
3k_haar_wavelet,navier,0.1,Random -> O300,psnr_final,300,21.111182441711424,23.348170251846312,2.2369878101348877,2.084939016342163,2.3941877125899,True,10000,42
3k_haar_wavelet,navier,0.1,Random -> O300,ssim_final,300,0.5832581688463688,0.6681796931227049,0.08492152427633604,0.08003505013758937,0.08985468592743079,True,10000,42
3k_haar_wavelet,navier,0.1,O150 -> O300,ber,300,0.38699999999999996,0.3845555555555556,-0.0024444444444444453,-0.008444444444444445,0.003555555555555553,False,10000,42
3k_haar_wavelet,navier,0.1,O150 -> O300,psnr_attack,300,23.43900973637899,23.5597984345754,0.12078869819641114,0.09594782749811807,0.14657480684916177,True,10000,42
3k_haar_wavelet,navier,0.1,O150 -> O300,ssim_attack,300,0.6468470041950544,0.6489616949359576,0.002114690740903219,0.0013081049943963687,0.0029286717499295866,True,10000,42
3k_haar_wavelet,navier,0.1,O150 -> O300,psnr_final,300,23.267384815216065,23.348170251846312,0.08078543663024902,0.05306763275464376,0.1087192932764689,True,10000,42
3k_haar_wavelet,navier,0.1,O150 -> O300,ssim_final,300,0.6654319972793261,0.6681796931227049,0.002747695843378703,0.0018025608484943708,0.003691496315101782,True,10000,42
3k_haar_wavelet,navier,0.3,Random -> O150,ber,300,0.24111111111111114,0.1945555555555556,-0.04655555555555555,-0.054444444444444406,-0.03866666666666665,True,10000,42
3k_haar_wavelet,navier,0.3,Random -> O150,psnr_attack,300,24.308860845565796,30.14410462697347,5.835243781407674,5.608647081534067,6.063912891626359,True,10000,42
3k_haar_wavelet,navier,0.3,Random -> O150,ssim_attack,300,0.7566611515482267,0.8580622226993243,0.10140107115109762,0.09575239357848962,0.10721744648118814,True,10000,42
3k_haar_wavelet,navier,0.3,Random -> O150,psnr_final,300,23.800208234786986,28.017103837331135,4.216895602544149,4.026782085577647,4.403553248405457,True,10000,42
3k_haar_wavelet,navier,0.3,Random -> O150,ssim_final,300,0.7348310523231825,0.8517130255699158,0.11688197324673334,0.11090411795179049,0.12286526255309581,True,10000,42
3k_haar_wavelet,navier,0.3,Random -> O300,ber,300,0.24111111111111114,0.19544444444444445,-0.04566666666666666,-0.05377777777777775,-0.03755277777777777,True,10000,42
3k_haar_wavelet,navier,0.3,Random -> O300,psnr_attack,300,24.308860845565796,30.125135491689047,5.81627464612325,5.59118106452624,6.044025056521098,True,10000,42
3k_haar_wavelet,navier,0.3,Random -> O300,ssim_attack,300,0.7566611515482267,0.8574344295263291,0.10077327797810237,0.09510223599274953,0.10661448726803063,True,10000,42
3k_haar_wavelet,navier,0.3,Random -> O300,psnr_final,300,23.800208234786986,28.00703644434611,4.206828209559123,4.016369963328043,4.393514063676198,True,10000,42
3k_haar_wavelet,navier,0.3,Random -> O300,ssim_final,300,0.7348310523231825,0.852013591825962,0.11718253950277964,0.1111990688741207,0.1231295588562886,True,10000,42
3k_haar_wavelet,navier,0.3,O150 -> O300,ber,300,0.1945555555555556,0.19544444444444445,0.0008888888888888883,-0.0033333333333333335,0.005111111111111108,False,10000,42
3k_haar_wavelet,navier,0.3,O150 -> O300,psnr_attack,300,30.14410462697347,30.125135491689047,-0.01896913528442383,-0.03697151327133179,-0.0015633835792541542,True,10000,42
3k_haar_wavelet,navier,0.3,O150 -> O300,ssim_attack,300,0.8580622226993243,0.8574344295263291,-0.0006277931729952494,-0.0009936791360378265,-0.00027394444992144914,True,10000,42
3k_haar_wavelet,navier,0.3,O150 -> O300,psnr_final,300,28.017103837331135,28.00703644434611,-0.010067392985026041,-0.025493647734324137,0.005730444113413491,False,10000,42
3k_haar_wavelet,navier,0.3,O150 -> O300,ssim_final,300,0.8517130255699158,0.852013591825962,0.00030056625604629516,-7.809045165777206e-05,0.000679997464021047,False,10000,42
3k_frozen_pretrained_unet_eval_aligned,diffusion,0.1,Random -> O150,ber,300,0.46511111111111103,0.4477777777777777,-0.017333333333333333,-0.024999999999999984,-0.009666666666666664,True,10000,42
3k_frozen_pretrained_unet_eval_aligned,diffusion,0.1,Random -> O150,psnr_attack,300,22.570928389231366,27.022613309224447,4.451684919993083,4.241090694268545,4.662353777249654,True,10000,42
3k_frozen_pretrained_unet_eval_aligned,diffusion,0.1,Random -> O150,ssim_attack,300,0.6274445157249768,0.7625000877181689,0.13505557199319204,0.12898440209031106,0.1411506553590298,True,10000,42
3k_frozen_pretrained_unet_eval_aligned,diffusion,0.1,Random -> O150,psnr_final,300,22.35763984998067,26.792689634958904,4.435049784978231,4.239000242233276,4.633986759026845,True,10000,42
3k_frozen_pretrained_unet_eval_aligned,diffusion,0.1,Random -> O150,ssim_final,300,0.6212417307992776,0.7700808597604434,0.14883912896116575,0.1430383340468009,0.1545169700930516,True,10000,42
3k_frozen_pretrained_unet_eval_aligned,diffusion,0.1,Random -> O300,ber,300,0.46511111111111103,0.44866666666666666,-0.016444444444444442,-0.024333333333333318,-0.008555555555555552,True,10000,42
3k_frozen_pretrained_unet_eval_aligned,diffusion,0.1,Random -> O300,psnr_attack,300,22.570928389231366,25.325220317840575,2.7542919286092125,2.593338966925939,2.9141618637243902,True,10000,42
3k_frozen_pretrained_unet_eval_aligned,diffusion,0.1,Random -> O300,ssim_attack,300,0.6274445157249768,0.7426429330309232,0.11519841730594635,0.10760633496195077,0.12268792659044266,True,10000,42
3k_frozen_pretrained_unet_eval_aligned,diffusion,0.1,Random -> O300,psnr_final,300,22.35763984998067,25.215578826268516,2.857938976287842,2.7033679114182787,3.0095255212783814,True,10000,42
3k_frozen_pretrained_unet_eval_aligned,diffusion,0.1,Random -> O300,ssim_final,300,0.6212417307992776,0.7505746872226398,0.1293329564233621,0.12238988586639364,0.1363042118276159,True,10000,42
3k_frozen_pretrained_unet_eval_aligned,diffusion,0.1,O150 -> O300,ber,300,0.4477777777777777,0.44866666666666666,0.0008888888888888903,-0.004111111111111108,0.005999999999999998,False,10000,42
3k_frozen_pretrained_unet_eval_aligned,diffusion,0.1,O150 -> O300,psnr_attack,300,27.022613309224447,25.325220317840575,-1.6973929913838703,-1.8795884610811868,-1.5240337610244752,True,10000,42
3k_frozen_pretrained_unet_eval_aligned,diffusion,0.1,O150 -> O300,ssim_attack,300,0.7625000877181689,0.7426429330309232,-0.019857154687245686,-0.022486735865473746,-0.01742653226355712,True,10000,42
3k_frozen_pretrained_unet_eval_aligned,diffusion,0.1,O150 -> O300,psnr_final,300,26.792689634958904,25.215578826268516,-1.5771108086903889,-1.7439790748755137,-1.4179622144699098,True,10000,42
3k_frozen_pretrained_unet_eval_aligned,diffusion,0.1,O150 -> O300,ssim_final,300,0.7700808597604434,0.7505746872226398,-0.01950617253780365,-0.021885983114441235,-0.017237264449397723,True,10000,42
3k_frozen_pretrained_unet_eval_aligned,diffusion,0.3,Random -> O150,ber,300,0.2932222222222222,0.2471111111111111,-0.04611111111111111,-0.05455555555555551,-0.03799999999999997,True,10000,42
3k_frozen_pretrained_unet_eval_aligned,diffusion,0.3,Random -> O150,psnr_attack,300,25.757541007995606,33.95069659550985,8.19315558751424,7.925264358520508,8.455352481683095,True,10000,42
3k_frozen_pretrained_unet_eval_aligned,diffusion,0.3,Random -> O150,ssim_attack,300,0.7949060640732447,0.9127060002088547,0.11779993613560995,0.11129703544080258,0.12449036679665247,True,10000,42
3k_frozen_pretrained_unet_eval_aligned,diffusion,0.3,Random -> O150,psnr_final,300,25.203400433858235,32.07866229375203,6.875261859893799,6.653643432776134,7.093117956638336,True,10000,42
3k_frozen_pretrained_unet_eval_aligned,diffusion,0.3,Random -> O150,ssim_final,300,0.7697102452317873,0.9096000607808431,0.13988981554905575,0.13337095811218025,0.14656236296147107,True,10000,42
3k_frozen_pretrained_unet_eval_aligned,diffusion,0.3,Random -> O300,ber,300,0.2932222222222222,0.2534444444444444,-0.03977777777777778,-0.047444444444444414,-0.031999999999999966,True,10000,42
3k_frozen_pretrained_unet_eval_aligned,diffusion,0.3,Random -> O300,psnr_attack,300,25.757541007995606,32.684312699635825,6.926771691640218,6.678843236764273,7.169588124752044,True,10000,42
3k_frozen_pretrained_unet_eval_aligned,diffusion,0.3,Random -> O300,ssim_attack,300,0.7949060640732447,0.9038698607683182,0.10896379669507344,0.10230454988777637,0.11589046047131221,True,10000,42
3k_frozen_pretrained_unet_eval_aligned,diffusion,0.3,Random -> O300,psnr_final,300,25.203400433858235,31.21530803044637,6.011907596588134,5.809025441328685,6.208767501513163,True,10000,42
3k_frozen_pretrained_unet_eval_aligned,diffusion,0.3,Random -> O300,ssim_final,300,0.7697102452317873,0.901153798699379,0.1314435534675916,0.12481569401919843,0.13825514361510674,True,10000,42
3k_frozen_pretrained_unet_eval_aligned,diffusion,0.3,O150 -> O300,ber,300,0.2471111111111111,0.2534444444444444,0.006333333333333332,0.0022222222222222222,0.01033333333333334,True,10000,42
3k_frozen_pretrained_unet_eval_aligned,diffusion,0.3,O150 -> O300,psnr_attack,300,33.95069659550985,32.684312699635825,-1.2663838958740234,-1.4634553718566896,-1.0829986275037131,True,10000,42
3k_frozen_pretrained_unet_eval_aligned,diffusion,0.3,O150 -> O300,ssim_attack,300,0.9127060002088547,0.9038698607683182,-0.0088361394405365,-0.010344325264294943,-0.0074138022810220725,True,10000,42
3k_frozen_pretrained_unet_eval_aligned,diffusion,0.3,O150 -> O300,psnr_final,300,32.07866229375203,31.21530803044637,-0.8633542633056641,-1.0047114119529723,-0.7320109222730001,True,10000,42
3k_frozen_pretrained_unet_eval_aligned,diffusion,0.3,O150 -> O300,ssim_final,300,0.9096000607808431,0.901153798699379,-0.008446262081464132,-0.009902499223748843,-0.007094922691583633,True,10000,42
3k_frozen_pretrained_unet_eval_aligned,mean,0.1,Random -> O150,ber,300,0.48800000000000004,0.48377777777777775,-0.004222222222222222,-0.012111111111111107,0.003666666666666667,False,10000,42
3k_frozen_pretrained_unet_eval_aligned,mean,0.1,Random -> O150,psnr_attack,300,14.617237068812052,14.294436292648316,-0.322800776163737,-0.4003708428541819,-0.24731464378039045,True,10000,42
3k_frozen_pretrained_unet_eval_aligned,mean,0.1,Random -> O150,ssim_attack,300,0.2773698259393374,0.42465712264180183,0.14728729670246443,0.13825393358121316,0.1558102355170995,True,10000,42
3k_frozen_pretrained_unet_eval_aligned,mean,0.1,Random -> O150,psnr_final,300,14.603754889170329,14.317182987531027,-0.2865719016393026,-0.3645680551926295,-0.21161999424298605,True,10000,42
3k_frozen_pretrained_unet_eval_aligned,mean,0.1,Random -> O150,ssim_final,300,0.27733778739968934,0.4356799226999283,0.15834213530023894,0.1491078833087037,0.16689983183083434,True,10000,42
3k_frozen_pretrained_unet_eval_aligned,mean,0.1,Random -> O300,ber,300,0.48800000000000004,0.48155555555555557,-0.006444444444444445,-0.014336111111111117,0.0015583333333332966,False,10000,42
3k_frozen_pretrained_unet_eval_aligned,mean,0.1,Random -> O300,psnr_attack,300,14.617237068812052,14.247690321604411,-0.3695467472076416,-0.45471247895558675,-0.28712902609507246,True,10000,42
3k_frozen_pretrained_unet_eval_aligned,mean,0.1,Random -> O300,ssim_attack,300,0.2773698259393374,0.4321889699002107,0.1548191439608733,0.14578354451432823,0.1634563657796631,True,10000,42
3k_frozen_pretrained_unet_eval_aligned,mean,0.1,Random -> O300,psnr_final,300,14.603754889170329,14.269531997044881,-0.3342228921254476,-0.4204799203077952,-0.2528375827471415,True,10000,42
3k_frozen_pretrained_unet_eval_aligned,mean,0.1,Random -> O300,ssim_final,300,0.27733778739968934,0.44280513375997543,0.16546734636028607,0.15627319133095444,0.1742198734159271,True,10000,42
3k_frozen_pretrained_unet_eval_aligned,mean,0.1,O150 -> O300,ber,300,0.48377777777777775,0.48155555555555557,-0.0022222222222222227,-0.007002777777777779,0.002555555555555554,False,10000,42
3k_frozen_pretrained_unet_eval_aligned,mean,0.1,O150 -> O300,psnr_attack,300,14.294436292648316,14.247690321604411,-0.04674597104390462,-0.05615198016166687,-0.03799488719304403,True,10000,42
3k_frozen_pretrained_unet_eval_aligned,mean,0.1,O150 -> O300,ssim_attack,300,0.42465712264180183,0.4321889699002107,0.007531847258408864,0.006330104839056731,0.00884297120819489,True,10000,42
3k_frozen_pretrained_unet_eval_aligned,mean,0.1,O150 -> O300,psnr_final,300,14.317182987531027,14.269531997044881,-0.04765099048614502,-0.05718053325017293,-0.03888913071155548,True,10000,42
3k_frozen_pretrained_unet_eval_aligned,mean,0.1,O150 -> O300,ssim_final,300,0.4356799226999283,0.44280513375997543,0.00712521106004715,0.005908576771616936,0.00844914515564839,True,10000,42
3k_frozen_pretrained_unet_eval_aligned,mean,0.3,Random -> O150,ber,300,0.4574444444444444,0.4254444444444445,-0.031999999999999994,-0.04055555555555551,-0.023222222222222217,True,10000,42
3k_frozen_pretrained_unet_eval_aligned,mean,0.3,Random -> O150,psnr_attack,300,15.709387578964233,15.644554408391317,-0.06483317057291667,-0.14332775990168253,0.01349502023061115,False,10000,42
3k_frozen_pretrained_unet_eval_aligned,mean,0.3,Random -> O150,ssim_attack,300,0.3328112537910541,0.47337174594402315,0.14056049215296904,0.13181284006747107,0.14917046844462553,True,10000,42
3k_frozen_pretrained_unet_eval_aligned,mean,0.3,Random -> O150,psnr_final,300,15.671767800649008,15.65273294130961,-0.019034859339396158,-0.09727185813585916,0.0592886966069539,False,10000,42
3k_frozen_pretrained_unet_eval_aligned,mean,0.3,Random -> O150,ssim_final,300,0.3240812256683906,0.4778896859288216,0.15380846026043096,0.1448192829042673,0.16259412294936676,True,10000,42
3k_frozen_pretrained_unet_eval_aligned,mean,0.3,Random -> O300,ber,300,0.4574444444444444,0.42366666666666664,-0.033777777777777775,-0.04233333333333332,-0.024999999999999994,True,10000,42
3k_frozen_pretrained_unet_eval_aligned,mean,0.3,Random -> O300,psnr_attack,300,15.709387578964233,15.629439163208009,-0.07994841575622559,-0.1609523142973582,-0.00011784434318542949,True,10000,42
3k_frozen_pretrained_unet_eval_aligned,mean,0.3,Random -> O300,ssim_attack,300,0.3328112537910541,0.4790220302840074,0.1462107764929533,0.13713071019699175,0.15514627983545262,True,10000,42
3k_frozen_pretrained_unet_eval_aligned,mean,0.3,Random -> O300,psnr_final,300,15.671767800649008,15.636826626459758,-0.03494117418924968,-0.11550269428888957,0.045349770943323764,False,10000,42
3k_frozen_pretrained_unet_eval_aligned,mean,0.3,Random -> O300,ssim_final,300,0.3240812256683906,0.4835837847491105,0.15950255908071995,0.15023150098323823,0.16858779110759498,True,10000,42
3k_frozen_pretrained_unet_eval_aligned,mean,0.3,O150 -> O300,ber,300,0.4254444444444445,0.42366666666666664,-0.0017777777777777785,-0.006888888888888886,0.003111111111111111,False,10000,42
3k_frozen_pretrained_unet_eval_aligned,mean,0.3,O150 -> O300,psnr_attack,300,15.644554408391317,15.629439163208009,-0.01511524518330892,-0.018752170642217,-0.011767218192418417,True,10000,42
3k_frozen_pretrained_unet_eval_aligned,mean,0.3,O150 -> O300,ssim_attack,300,0.47337174594402315,0.4790220302840074,0.005650284339984258,0.004590516265481711,0.006820779657612244,True,10000,42
3k_frozen_pretrained_unet_eval_aligned,mean,0.3,O150 -> O300,psnr_final,300,15.65273294130961,15.636826626459758,-0.015906314849853515,-0.019532493193944296,-0.012533854325612387,True,10000,42
3k_frozen_pretrained_unet_eval_aligned,mean,0.3,O150 -> O300,ssim_final,300,0.4778896859288216,0.4835837847491105,0.005694098820288976,0.004595234658569098,0.006908836178481578,True,10000,42
3k_frozen_pretrained_unet_eval_aligned,telea,0.1,Random -> O150,ber,300,0.47188888888888886,0.4578888888888889,-0.013999999999999997,-0.02133333333333333,-0.006777777777777784,True,10000,42
3k_frozen_pretrained_unet_eval_aligned,telea,0.1,Random -> O150,psnr_attack,300,21.848303467432657,23.56419851620992,1.7158950487772624,1.5827944185733795,1.855327227671941,True,10000,42
3k_frozen_pretrained_unet_eval_aligned,telea,0.1,Random -> O150,ssim_attack,300,0.5990673812230428,0.674056486884753,0.0749891056617101,0.06985271686812242,0.08030082661410173,True,10000,42
3k_frozen_pretrained_unet_eval_aligned,telea,0.1,Random -> O150,psnr_final,300,21.667568950653077,23.414477275212604,1.7469083245595296,1.6220576259295145,1.8781818215847015,True,10000,42
3k_frozen_pretrained_unet_eval_aligned,telea,0.1,Random -> O150,ssim_final,300,0.5947658420602481,0.678857356707255,0.08409151464700698,0.07898281519611676,0.0893892229994138,True,10000,42
3k_frozen_pretrained_unet_eval_aligned,telea,0.1,Random -> O300,ber,300,0.47188888888888886,0.45922222222222225,-0.012666666666666665,-0.020555555555555553,-0.0048861111111111475,True,10000,42
3k_frozen_pretrained_unet_eval_aligned,telea,0.1,Random -> O300,psnr_attack,300,21.848303467432657,23.60863456408183,1.7603310966491699,1.6301233250300091,1.8979202202955883,True,10000,42
3k_frozen_pretrained_unet_eval_aligned,telea,0.1,Random -> O300,ssim_attack,300,0.5990673812230428,0.6749491846561432,0.07588180343310039,0.07075854508082072,0.0812153962155183,True,10000,42
3k_frozen_pretrained_unet_eval_aligned,telea,0.1,Random -> O300,psnr_final,300,21.667568950653077,23.46300098737081,1.7954320367177328,1.6728118990262348,1.924777936140696,True,10000,42
3k_frozen_pretrained_unet_eval_aligned,telea,0.1,Random -> O300,ssim_final,300,0.5947658420602481,0.6804149535298347,0.08564911146958669,0.08060264187554518,0.09083829503754774,True,10000,42
3k_frozen_pretrained_unet_eval_aligned,telea,0.1,O150 -> O300,ber,300,0.4578888888888889,0.45922222222222225,0.0013333333333333337,-0.004222222222222224,0.0072222222222222245,False,10000,42
3k_frozen_pretrained_unet_eval_aligned,telea,0.1,O150 -> O300,psnr_attack,300,23.56419851620992,23.60863456408183,0.04443604787190755,0.01980817691485087,0.06921678193410237,True,10000,42
3k_frozen_pretrained_unet_eval_aligned,telea,0.1,O150 -> O300,ssim_attack,300,0.674056486884753,0.6749491846561432,0.0008926977713902791,9.878912816445034e-05,0.0016950450167059897,True,10000,42
3k_frozen_pretrained_unet_eval_aligned,telea,0.1,O150 -> O300,psnr_final,300,23.414477275212604,23.46300098737081,0.04852371215820313,0.024725095907847088,0.07287400960922241,True,10000,42
3k_frozen_pretrained_unet_eval_aligned,telea,0.1,O150 -> O300,ssim_final,300,0.678857356707255,0.6804149535298347,0.0015575968225797017,0.000762223114569982,0.0023573243593176204,True,10000,42
3k_frozen_pretrained_unet_eval_aligned,telea,0.3,Random -> O150,ber,300,0.36100000000000004,0.30366666666666664,-0.05733333333333333,-0.06600277777777779,-0.04877777777777773,True,10000,42
3k_frozen_pretrained_unet_eval_aligned,telea,0.3,Random -> O150,psnr_attack,300,24.277878239949544,29.371923173268637,5.094044933319092,4.868357304732005,5.31889159488678,True,10000,42
3k_frozen_pretrained_unet_eval_aligned,telea,0.3,Random -> O150,ssim_attack,300,0.739672658642133,0.8523681749900182,0.11269551634788513,0.10724812894066174,0.11826030365129311,True,10000,42
3k_frozen_pretrained_unet_eval_aligned,telea,0.3,Random -> O150,psnr_final,300,23.91000684738159,28.621087970733644,4.71108112335205,4.52784670162201,4.896799620469411,True,10000,42
3k_frozen_pretrained_unet_eval_aligned,telea,0.3,Random -> O150,ssim_final,300,0.7193091746171315,0.8512517845630646,0.13194260994593301,0.12636459714174272,0.1376107439448436,True,10000,42
3k_frozen_pretrained_unet_eval_aligned,telea,0.3,Random -> O300,ber,300,0.36100000000000004,0.3048888888888889,-0.05611111111111112,-0.06511111111111106,-0.0473333333333333,True,10000,42
3k_frozen_pretrained_unet_eval_aligned,telea,0.3,Random -> O300,psnr_attack,300,24.277878239949544,29.327547175089517,5.049668935139974,4.823630499521891,5.278100425084432,True,10000,42
3k_frozen_pretrained_unet_eval_aligned,telea,0.3,Random -> O300,ssim_attack,300,0.739672658642133,0.851499032775561,0.11182637413342794,0.10636363554000855,0.11742559813459715,True,10000,42
3k_frozen_pretrained_unet_eval_aligned,telea,0.3,Random -> O300,psnr_final,300,23.91000684738159,28.58472484588623,4.674717998504638,4.489376205126444,4.860970954736073,True,10000,42
3k_frozen_pretrained_unet_eval_aligned,telea,0.3,Random -> O300,ssim_final,300,0.7193091746171315,0.8507613035043081,0.1314521288871765,0.12584006192783515,0.13711053587992986,True,10000,42
3k_frozen_pretrained_unet_eval_aligned,telea,0.3,O150 -> O300,ber,300,0.30366666666666664,0.3048888888888889,0.0012222222222222215,-0.003777777777777779,0.006444444444444439,False,10000,42
3k_frozen_pretrained_unet_eval_aligned,telea,0.3,O150 -> O300,psnr_attack,300,29.371923173268637,29.327547175089517,-0.04437599817911784,-0.060856346130371095,-0.0284122109413147,True,10000,42
3k_frozen_pretrained_unet_eval_aligned,telea,0.3,O150 -> O300,ssim_attack,300,0.8523681749900182,0.851499032775561,-0.000869142214457194,-0.00118913929661115,-0.0005680956840515138,True,10000,42
3k_frozen_pretrained_unet_eval_aligned,telea,0.3,O150 -> O300,psnr_final,300,28.621087970733644,28.58472484588623,-0.03636312484741211,-0.05064123853047688,-0.022431329568227153,True,10000,42
3k_frozen_pretrained_unet_eval_aligned,telea,0.3,O150 -> O300,ssim_final,300,0.8512517845630646,0.8507613035043081,-0.0004904810587565104,-0.0008011147826910019,-0.0002061336934566498,True,10000,42
3k_frozen_pretrained_unet_eval_aligned,navier,0.1,Random -> O150,ber,300,0.4655555555555555,0.46,-0.0055555555555555575,-0.013111111111111119,0.0018888888888888855,False,10000,42
3k_frozen_pretrained_unet_eval_aligned,navier,0.1,Random -> O150,psnr_attack,300,21.70483328183492,24.474018748601278,2.7691854667663574,2.5784508911768595,2.962975850900014,True,10000,42
3k_frozen_pretrained_unet_eval_aligned,navier,0.1,Random -> O150,ssim_attack,300,0.6039171190559864,0.6826880152026812,0.07877089614669482,0.07422507023562987,0.08332569091767072,True,10000,42
3k_frozen_pretrained_unet_eval_aligned,navier,0.1,Random -> O150,psnr_final,300,21.532991174062094,24.290455106099447,2.7574639320373535,2.5798954114119215,2.939323802391688,True,10000,42
3k_frozen_pretrained_unet_eval_aligned,navier,0.1,Random -> O150,ssim_final,300,0.596541481266419,0.6856212080518405,0.08907972678542136,0.08468355493495862,0.09354218189169963,True,10000,42
3k_frozen_pretrained_unet_eval_aligned,navier,0.1,Random -> O300,ber,300,0.4655555555555555,0.45888888888888885,-0.006666666666666666,-0.014444444444444435,0.001000000000000002,False,10000,42
3k_frozen_pretrained_unet_eval_aligned,navier,0.1,Random -> O300,psnr_attack,300,21.70483328183492,24.62194052060445,2.9171072387695314,2.7267879762649536,3.110363268295924,True,10000,42
3k_frozen_pretrained_unet_eval_aligned,navier,0.1,Random -> O300,ssim_attack,300,0.6039171190559864,0.6850667149821917,0.08114959592620531,0.07668020885934432,0.08567698241149385,True,10000,42
3k_frozen_pretrained_unet_eval_aligned,navier,0.1,Random -> O300,psnr_final,300,21.532991174062094,24.44116102854411,2.908169854482015,2.7300396936734517,3.0888691772619885,True,10000,42
3k_frozen_pretrained_unet_eval_aligned,navier,0.1,Random -> O300,ssim_final,300,0.596541481266419,0.6886877857645353,0.09214630449811617,0.08778948089356224,0.09650170935193698,True,10000,42
3k_frozen_pretrained_unet_eval_aligned,navier,0.1,O150 -> O300,ber,300,0.46,0.45888888888888885,-0.0011111111111111094,-0.0067777777777777775,0.0044444444444444444,False,10000,42
3k_frozen_pretrained_unet_eval_aligned,navier,0.1,O150 -> O300,psnr_attack,300,24.474018748601278,24.62194052060445,0.14792177200317383,0.12393764313062032,0.17246685234705608,True,10000,42
3k_frozen_pretrained_unet_eval_aligned,navier,0.1,O150 -> O300,ssim_attack,300,0.6826880152026812,0.6850667149821917,0.002378699779510498,0.0016142888690034549,0.003164736169079938,True,10000,42
3k_frozen_pretrained_unet_eval_aligned,navier,0.1,O150 -> O300,psnr_final,300,24.290455106099447,24.44116102854411,0.15070592244466147,0.1271745532353719,0.17447352528572083,True,10000,42
3k_frozen_pretrained_unet_eval_aligned,navier,0.1,O150 -> O300,ssim_final,300,0.6856212080518405,0.6886877857645353,0.003066577712694804,0.00228127404799064,0.0038471687858303385,True,10000,42
3k_frozen_pretrained_unet_eval_aligned,navier,0.3,Random -> O150,ber,300,0.32455555555555554,0.2743333333333334,-0.050222222222222224,-0.05877777777777774,-0.041555555555555526,True,10000,42
3k_frozen_pretrained_unet_eval_aligned,navier,0.3,Random -> O150,psnr_attack,300,24.947565619150797,31.524102414449057,6.576536795298258,6.323768871307373,6.827169270515442,True,10000,42
3k_frozen_pretrained_unet_eval_aligned,navier,0.3,Random -> O150,ssim_attack,300,0.7743765763441721,0.878010737101237,0.10363416075706482,0.09771278921266398,0.10958344340324402,True,10000,42
3k_frozen_pretrained_unet_eval_aligned,navier,0.3,Random -> O150,psnr_final,300,24.503441721598307,30.32855697631836,5.825115254720052,5.6202256563504545,6.031103698730468,True,10000,42
3k_frozen_pretrained_unet_eval_aligned,navier,0.3,Random -> O150,ssim_final,300,0.7495255416631699,0.8733979256947836,0.12387238403161367,0.11796042376259963,0.12979843997458615,True,10000,42
3k_frozen_pretrained_unet_eval_aligned,navier,0.3,Random -> O300,ber,300,0.32455555555555554,0.27288888888888885,-0.051666666666666666,-0.060111111111111115,-0.04299999999999997,True,10000,42
3k_frozen_pretrained_unet_eval_aligned,navier,0.3,Random -> O300,psnr_attack,300,24.947565619150797,31.529837849934896,6.582272230784098,6.326923849900564,6.832420283794403,True,10000,42
3k_frozen_pretrained_unet_eval_aligned,navier,0.3,Random -> O300,ssim_attack,300,0.7743765763441721,0.8779101566473643,0.10353358030319214,0.09764047873020172,0.10946531188488005,True,10000,42
3k_frozen_pretrained_unet_eval_aligned,navier,0.3,Random -> O300,psnr_final,300,24.503441721598307,30.339325834910074,5.835884113311767,5.630036355018616,6.042396953105926,True,10000,42
3k_frozen_pretrained_unet_eval_aligned,navier,0.3,Random -> O300,ssim_final,300,0.7495255416631699,0.8736802349487941,0.12415469328562419,0.11826471516489982,0.13008918802936872,True,10000,42
3k_frozen_pretrained_unet_eval_aligned,navier,0.3,O150 -> O300,ber,300,0.2743333333333334,0.27288888888888885,-0.0014444444444444446,-0.005999999999999998,0.0031111111111111088,False,10000,42
3k_frozen_pretrained_unet_eval_aligned,navier,0.3,O150 -> O300,psnr_attack,300,31.524102414449057,31.529837849934896,0.005735435485839844,-0.009691001733144125,0.021204842567443847,False,10000,42
3k_frozen_pretrained_unet_eval_aligned,navier,0.3,O150 -> O300,ssim_attack,300,0.878010737101237,0.8779101566473643,-0.00010058045387268067,-0.0003966223249832789,0.0001861163030068077,False,10000,42
3k_frozen_pretrained_unet_eval_aligned,navier,0.3,O150 -> O300,psnr_final,300,30.32855697631836,30.339325834910074,0.010768858591715495,-0.0012743382453918456,0.02277637974421183,False,10000,42
3k_frozen_pretrained_unet_eval_aligned,navier,0.3,O150 -> O300,ssim_final,300,0.8733979256947836,0.8736802349487941,0.0002823092540105184,-2.3466721177101133e-05,0.0005831054598093031,False,10000,42
