model,attack,removal_ratio,actual_removal_ratio,PSNR_final,SSIM_final,PSNR_attack,SSIM_attack,BER,num_images
Baseline,diffusion,0.1,0.09978108723958333,27.38480646769206,0.8943966736396154,28.647143624623617,0.9416568211714427,0.027333333333333307,300
Baseline,diffusion,0.2,0.1997991943359375,24.39459388097127,0.8391393917798996,24.974117380777994,0.8808130866289139,0.029444444444444412,300
Baseline,diffusion,0.30000000000000004,0.2998077392578125,22.51124119122823,0.7836827882130941,22.867516991297403,0.8195302347342174,0.03288888888888884,300
Baseline,diffusion,0.4,0.39980712890625,20.852519985834757,0.7241350489854813,21.06398134549459,0.7545917785167694,0.037444444444444384,300
Baseline,diffusion,0.5,0.4997955322265625,19.604432315826415,0.6636712199449539,19.75082239151001,0.6884487418333689,0.046333333333333226,300
Baseline,diffusion,0.6,0.5997798665364583,18.33935392697652,0.6021384349465371,18.439427108764647,0.62126601288716,0.07422222222222227,300
Baseline,diffusion,0.7000000000000001,0.6998195393880209,17.178998753229777,0.536702820956707,17.24663100560506,0.5501060130198797,0.13688888888888903,300
Baseline,diffusion,0.8,0.7998024495442708,15.978927669525147,0.4696727586289247,16.029296134312947,0.4769126005470753,0.24144444444444452,300
Baseline,diffusion,0.9,0.8998551432291667,15.127950010299683,0.4043451701104641,15.159477904637654,0.4050011963148912,0.3801111111111107,300
Baseline,mean,0.1,0.09978108723958333,24.082293866475425,0.8662389113505682,24.646545728047688,0.9126284301280976,0.028555555555555525,300
Baseline,mean,0.2,0.1997991943359375,21.28291617075602,0.7921529499689738,21.57208960533142,0.8324499821662903,0.030111111111111068,300
Baseline,mean,0.30000000000000004,0.2998077392578125,19.511083717346192,0.7205049216747283,19.702196791966756,0.7543613251050313,0.034888888888888824,300
Baseline,mean,0.4,0.39980712890625,18.208467575709026,0.651576008995374,18.335319420496624,0.6797783327102661,0.0428888888888888,300
Baseline,mean,0.5,0.4997955322265625,17.158510859807333,0.5850985191265742,17.25069670041402,0.6074097257852554,0.05999999999999993,300
Baseline,mean,0.6,0.5997798665364583,16.2890740331014,0.5263174774249395,16.35896688779195,0.5432040532430013,0.0933333333333334,300
Baseline,mean,0.7000000000000001,0.6998195393880209,15.566995423634847,0.46733377685149513,15.617957725524903,0.47866370290517807,0.16388888888888906,300
Baseline,mean,0.8,0.7998024495442708,14.808876063028972,0.4115406801303228,14.849950606028239,0.41714140887061757,0.259222222222222,300
Baseline,mean,0.9,0.8998551432291667,14.207123031616211,0.35757029461363954,14.23321715037028,0.3570044270157814,0.4001111111111106,300
Baseline,navier,0.1,0.09978108723958333,27.44750946680705,0.8964018660783768,28.748348960876466,0.943629360596339,0.03622222222222216,300
Baseline,navier,0.2,0.1997991943359375,24.446204379399617,0.8435619837045669,25.027267847061157,0.8851399030288061,0.04199999999999992,300
Baseline,navier,0.30000000000000004,0.2998077392578125,22.71070936203003,0.792334757844607,23.043214305241904,0.8280674443642299,0.052888888888888784,300
Baseline,navier,0.4,0.39980712890625,21.07658712387085,0.7363536582390467,21.26286441485087,0.7665361926952998,0.07355555555555561,300
Baseline,navier,0.5,0.4997955322265625,19.89790154139201,0.6781748692194621,20.02899419784546,0.702666140794754,0.10655555555555571,300
Baseline,navier,0.6,0.5997798665364583,18.551622924804686,0.6172942283749581,18.633171195983888,0.6361168857415517,0.16200000000000017,300
Baseline,navier,0.7000000000000001,0.6998195393880209,17.30339592297872,0.5532927566766739,17.355332927703856,0.5658565246065458,0.2297777777777779,300
Baseline,navier,0.8,0.7998024495442708,16.109858662287394,0.4851883229613304,16.14602019627889,0.4914300575852394,0.3236666666666664,300
Baseline,navier,0.9,0.8998551432291667,15.03843477567037,0.4176386434336503,15.059669170379639,0.4164970580736796,0.4365555555555555,300
Baseline,shiftmap,0.1,0.09978108723958333,25.485790201822915,0.8770013139645259,26.39471996943156,0.9239960108200709,0.027444444444444417,300
Baseline,shiftmap,0.2,0.1997991943359375,21.951953341166178,0.8022500920295715,22.30899889310201,0.8434718666474025,0.029888888888888854,300
Baseline,shiftmap,0.30000000000000004,0.2998077392578125,19.492884543736775,0.7238247706492742,19.670927724838258,0.7591300437847773,0.03188888888888884,300
Baseline,shiftmap,0.4,0.39980712890625,17.81795007387797,0.6461289809147517,17.913291918436688,0.6758454887072245,0.036555555555555494,300
Baseline,shiftmap,0.5,0.4997955322265625,16.193049313227334,0.5578612767656644,16.25013743718465,0.5822441715995471,0.04433333333333324,300
Baseline,shiftmap,0.6,0.5997798665364583,14.91220074335734,0.472663813829422,14.950527588526407,0.4916108277440071,0.05044444444444434,300
Baseline,shiftmap,0.7000000000000001,0.6998195393880209,13.809058804512023,0.38371065497398377,13.834762856165568,0.3975093654791514,0.06933333333333333,300
Baseline,shiftmap,0.8,0.7998024495442708,12.609755126635234,0.27486955518523853,12.622210426330566,0.28356082235773405,0.11244444444444464,300
Baseline,shiftmap,0.9,0.8998551432291667,10.581669718424479,0.12464730656395356,10.564548830986023,0.12808741558343173,0.2886666666666666,300
Baseline,telea,0.1,0.09978108723958333,27.52063576380412,0.8968587366739909,28.85094793955485,0.9440508389472961,0.037444444444444384,300
Baseline,telea,0.2,0.1997991943359375,24.538787978490195,0.8448111581802368,25.149995813369753,0.8863517030080159,0.049888888888888795,300
Baseline,telea,0.30000000000000004,0.2998077392578125,22.79779680887858,0.7941775951782862,23.155839478174844,0.8297948465744655,0.06733333333333331,300
Baseline,telea,0.4,0.39980712890625,21.171918195088704,0.738255138794581,21.37999543507894,0.7684133704503378,0.10355555555555569,300
Baseline,telea,0.5,0.4997955322265625,19.95158900578817,0.6804748839139938,20.101792147954306,0.7048487448692322,0.15644444444444464,300
Baseline,telea,0.6,0.5997798665364583,18.5843806775411,0.6193806045254071,18.684492661158245,0.6381268088022868,0.22044444444444447,300
Baseline,telea,0.7000000000000001,0.6998195393880209,17.314855321248373,0.5552480127414068,17.38435660044352,0.5677870024243991,0.29999999999999943,300
Baseline,telea,0.8,0.7998024495442708,16.044495719273886,0.48635059346755344,16.09947814623515,0.49258687262733775,0.3702222222222217,300
Baseline,telea,0.9,0.8998551432291667,15.012033643722534,0.42054878423611325,15.05340503056844,0.4194692088663578,0.4508888888888892,300
Frozen UNet,diffusion,0.1,0.09978108723958333,27.192573146820067,0.8820407907168071,28.672709395090738,0.9419661831855773,0.023777777777777755,300
Frozen UNet,diffusion,0.2,0.1997991943359375,24.30327477137248,0.8277391916513444,24.97483465194702,0.8812272057930628,0.025555555555555533,300
Frozen UNet,diffusion,0.30000000000000004,0.2998077392578125,22.474622004826863,0.7733796817064286,22.863976926803588,0.8201516515016556,0.028333333333333304,300
Frozen UNet,diffusion,0.4,0.39980712890625,20.824354006449383,0.7149629739920298,21.06339521408081,0.755208267569542,0.030777777777777744,300
Frozen UNet,diffusion,0.5,0.4997955322265625,19.593852281570435,0.6553345910708109,19.738241367340088,0.6891832862297694,0.034777777777777734,300
Frozen UNet,diffusion,0.6,0.5997798665364583,18.328173122406007,0.5949035176634788,18.41903256734212,0.6222053163250287,0.04099999999999992,300
Frozen UNet,diffusion,0.7000000000000001,0.6998195393880209,17.170051034291586,0.5306423410773278,17.22225784619649,0.5507718920707703,0.050666666666666554,300
Frozen UNet,diffusion,0.8,0.7998024495442708,15.975502093633017,0.46452582160631817,15.99633238474528,0.4774771645665169,0.08466666666666674,300
Frozen UNet,diffusion,0.9,0.8998551432291667,15.108911145528158,0.4009592788914839,15.113011531829834,0.40523202940821645,0.19466666666666682,300
Frozen UNet,mean,0.1,0.09978108723958333,23.96875784556071,0.8539689914385478,24.623437836964925,0.9124547213315963,0.02377777777777776,300
Frozen UNet,mean,0.2,0.1997991943359375,21.222919851938883,0.7809052362044653,21.537189801534016,0.8320496928691864,0.024666666666666646,300
Frozen UNet,mean,0.30000000000000004,0.2998077392578125,19.481047172546386,0.7103586486975352,19.67024001757304,0.7540142240126928,0.026444444444444423,300
Frozen UNet,mean,0.4,0.39980712890625,18.184161698023477,0.6425809182723363,18.30408059120178,0.6791401918729146,0.031888888888888856,300
Frozen UNet,mean,0.5,0.4997955322265625,17.14267780939738,0.5769306297103564,17.216988573074342,0.6068502564231555,0.036666666666666604,300
Frozen UNet,mean,0.6,0.5997798665364583,16.27447003364563,0.5194944460193316,16.323297163645428,0.5429218714435895,0.04733333333333323,300
Frozen UNet,mean,0.7000000000000001,0.6998195393880209,15.553410873413085,0.46180573672056197,15.582237459818522,0.4783053215344747,0.06911111111111116,300
Frozen UNet,mean,0.8,0.7998024495442708,14.799649362564088,0.40720686813195545,14.810583299001058,0.4167698156336943,0.11855555555555573,300
Frozen UNet,mean,0.9,0.8998551432291667,14.189091380437215,0.35521730067829294,14.188951983451844,0.3569235092401504,0.2528888888888887,300
Frozen UNet,navier,0.1,0.09978108723958333,27.196712029774982,0.8835916560888291,28.80711410522461,0.9442461758852005,0.02888888888888887,300
Frozen UNet,navier,0.2,0.1997991943359375,24.30315819422404,0.8315528945128123,25.04764300664266,0.8861678276459376,0.028888888888888863,300
Frozen UNet,navier,0.30000000000000004,0.2998077392578125,22.632554146448772,0.7813876861333847,23.071788997650145,0.8296489908297857,0.0324444444444444,300
Frozen UNet,navier,0.4,0.39980712890625,21.022720743815103,0.726360001762708,21.286719783147177,0.7683801776170731,0.034666666666666617,300
Frozen UNet,navier,0.5,0.4997955322265625,19.86039043744405,0.6690629849831263,20.03686442057292,0.7049774330854416,0.04266666666666659,300
Frozen UNet,navier,0.6,0.5997798665364583,18.52179397583008,0.6094272936383883,18.63161641438802,0.6389691260457039,0.049111111111111015,300
Frozen UNet,navier,0.7000000000000001,0.6998195393880209,17.291237548192342,0.5461948701739311,17.364210233688354,0.5686927963296572,0.062444444444444414,300
Frozen UNet,navier,0.8,0.7998024495442708,16.089957869847616,0.47865368172526357,16.129947074254353,0.49402639562884965,0.10100000000000015,300
Frozen UNet,navier,0.9,0.8998551432291667,15.02218921661377,0.4126690135896206,15.042128330866495,0.41848066831628483,0.22711111111111112,300
Frozen UNet,shiftmap,0.1,0.09978108723958333,25.28540636698405,0.8645212455590566,26.414248304367064,0.9242036906878154,0.023444444444444427,300
Frozen UNet,shiftmap,0.2,0.1997991943359375,21.7892982673645,0.7908796608448029,22.22736920038859,0.8439750212430954,0.0242222222222222,300
Frozen UNet,shiftmap,0.30000000000000004,0.2998077392578125,19.473166058858236,0.7145470535755157,19.709551696777343,0.7607089386383692,0.026111111111111085,300
Frozen UNet,shiftmap,0.4,0.39980712890625,17.68754400253296,0.635994668006897,17.80625936190287,0.6757958134015402,0.028333333333333304,300
Frozen UNet,shiftmap,0.5,0.4997955322265625,16.172983830769855,0.5512955750028292,16.24686663945516,0.5849296777447065,0.031555555555555524,300
Frozen UNet,shiftmap,0.6,0.5997798665364583,14.79473200639089,0.46552301694949466,14.840940306981405,0.4925979641079903,0.037666666666666605,300
Frozen UNet,shiftmap,0.7000000000000001,0.6998195393880209,13.753674917221069,0.3781013157963753,13.777881600062052,0.3989371757706006,0.04311111111111104,300
Frozen UNet,shiftmap,0.8,0.7998024495442708,12.600308329264323,0.27180285116036734,12.603591752052306,0.28589063182473184,0.06488888888888887,300
Frozen UNet,shiftmap,0.9,0.8998551432291667,10.623810585339864,0.12184457165499528,10.606362764040629,0.127933879767855,0.23166666666666666,300
Frozen UNet,telea,0.1,0.09978108723958333,27.27738037109375,0.8840648176272711,28.903859825134276,0.9446307647228241,0.028999999999999974,300
Frozen UNet,telea,0.2,0.1997991943359375,24.400465936660765,0.8328532856702805,25.161452344258628,0.8872543780008951,0.02966666666666664,300
Frozen UNet,telea,0.30000000000000004,0.2998077392578125,22.72880564689636,0.7833466158310572,23.179248142242432,0.8313561338186264,0.03233333333333329,300
Frozen UNet,telea,0.4,0.39980712890625,21.125534858703613,0.7284701307614644,21.39981430689494,0.7701589236656825,0.03755555555555549,300
Frozen UNet,telea,0.5,0.4997955322265625,19.922122761408488,0.6716215417782465,20.104946626027424,0.7070945692062378,0.04622222222222214,300
Frozen UNet,telea,0.6,0.5997798665364583,18.56376680056254,0.6117343144615491,18.682361736297608,0.6406429073214531,0.05911111111111103,300
Frozen UNet,telea,0.7000000000000001,0.6998195393880209,17.305532280604044,0.5485209576288859,17.384274234771727,0.5702072257796923,0.08577777777777787,300
Frozen UNet,telea,0.8,0.7998024495442708,16.037179543177288,0.48052675545215606,16.08477931022644,0.4951388254761696,0.14088888888888906,300
Frozen UNet,telea,0.9,0.8998551432291667,15.014367853800456,0.4162374478081862,15.042377859751383,0.42129318704207736,0.2534444444444444,300
Gaussian Blur,diffusion,0.1,0.09978108723958333,27.11692045847575,0.8772864911953608,28.694445819854735,0.9411251956224441,0.05311111111111101,300
Gaussian Blur,diffusion,0.2,0.1997991943359375,24.264171040852865,0.8238392651081086,24.978245468139647,0.8794073734680812,0.05599999999999995,300
Gaussian Blur,diffusion,0.30000000000000004,0.2998077392578125,22.452448174158732,0.7702034425735473,22.869905360539754,0.8173088866472245,0.05999999999999994,300
Gaussian Blur,diffusion,0.4,0.39980712890625,20.806502545674643,0.7124392974376679,21.071028979619346,0.7515013231833776,0.07333333333333338,300
Gaussian Blur,diffusion,0.5,0.4997955322265625,19.586727886199952,0.65357781291008,19.750621315638224,0.6846553389231363,0.09300000000000012,300
Gaussian Blur,diffusion,0.6,0.5997798665364583,18.319872477849323,0.5939751615126928,18.43326981862386,0.6165535187721253,0.13222222222222246,300
Gaussian Blur,diffusion,0.7000000000000001,0.6998195393880209,17.165742937723795,0.5303893755873045,17.235161317189533,0.5441627795497577,0.19511111111111107,300
Gaussian Blur,diffusion,0.8,0.7998024495442708,15.968673105239867,0.46512420122822123,16.007033007939658,0.4696626960237821,0.2877777777777777,300
Gaussian Blur,diffusion,0.9,0.8998551432291667,15.105042753219605,0.40198307608564693,15.125966157913208,0.3960762818654378,0.40099999999999997,300
Gaussian Blur,mean,0.1,0.09978108723958333,23.93593379974365,0.8495107062657674,24.632917035420736,0.9120130544900894,0.05355555555555546,300
Gaussian Blur,mean,0.2,0.1997991943359375,21.20205081621806,0.7774807840585709,21.54333719889323,0.8307967448234558,0.05699999999999995,300
Gaussian Blur,mean,0.30000000000000004,0.2998077392578125,19.462542594273884,0.7078211738665898,19.673682680130003,0.7518520953257879,0.06588888888888893,300
Gaussian Blur,mean,0.4,0.39980712890625,18.171387249628705,0.640807353357474,18.310500844319662,0.6762262944380443,0.08055555555555559,300
Gaussian Blur,mean,0.5,0.4997955322265625,17.137827746073405,0.576003483136495,17.223202225367228,0.6030570501089096,0.10988888888888906,300
Gaussian Blur,mean,0.6,0.5997798665364583,16.264401473999023,0.5192212735613188,16.331212345759074,0.5377686950564384,0.16266666666666693,300
Gaussian Blur,mean,0.7000000000000001,0.6998195393880209,15.547703819274902,0.46208461006482443,15.591155983606974,0.47210948914289474,0.23566666666666672,300
Gaussian Blur,mean,0.8,0.7998024495442708,14.793265889485678,0.40802145962913833,14.818779122034709,0.4091005881627401,0.33033333333333287,300
Gaussian Blur,mean,0.9,0.8998551432291667,14.186465992927552,0.35617619050045807,14.198645629882812,0.34763742960989474,0.4272222222222224,300
Gaussian Blur,navier,0.1,0.09978108723958333,27.10955993016561,0.8785538093249003,28.825222606658937,0.9430835908651352,0.06066666666666667,300
Gaussian Blur,navier,0.2,0.1997991943359375,24.26825470606486,0.8273799965778986,25.060528237024943,0.8836632720629374,0.06355555555555557,300
Gaussian Blur,navier,0.30000000000000004,0.2998077392578125,22.61777219772339,0.7778461559613545,23.081727158228556,0.8258596769968669,0.07377777777777786,300
Gaussian Blur,navier,0.4,0.39980712890625,21.012839962641397,0.7237038318316141,21.30345667521159,0.76353937625885,0.0900000000000001,300
Gaussian Blur,navier,0.5,0.4997955322265625,19.871971836090086,0.6670049854119618,20.067900002797444,0.6991058826446533,0.11511111111111129,300
Gaussian Blur,navier,0.6,0.5997798665364583,18.529328311284385,0.6081266531348228,18.66337862332662,0.6317678756515185,0.15255555555555564,300
Gaussian Blur,navier,0.7000000000000001,0.6998195393880209,17.299431975682577,0.5453625637292862,17.385442406336466,0.5605296514431636,0.21300000000000008,300
Gaussian Blur,navier,0.8,0.7998024495442708,16.106240793863932,0.47939092755317686,16.161303958892823,0.4851369664569696,0.2988888888888886,300
Gaussian Blur,navier,0.9,0.8998551432291667,15.021033595403036,0.41332175508141517,15.05632651646932,0.40846127226948736,0.39522222222222164,300
Gaussian Blur,shiftmap,0.1,0.09978108723958333,25.25345296859741,0.8596379808584849,26.356654739379884,0.9233016834656398,0.053999999999999916,300
Gaussian Blur,shiftmap,0.2,0.1997991943359375,21.95350913365682,0.7864827579259872,22.406610921223958,0.8420793767770132,0.05599999999999993,300
Gaussian Blur,shiftmap,0.30000000000000004,0.2998077392578125,19.52044416109721,0.7087247961759567,19.753132934570313,0.7560161354144415,0.05855555555555552,300
Gaussian Blur,shiftmap,0.4,0.39980712890625,17.762762168248493,0.632177770336469,17.89182697614034,0.671752137541771,0.06544444444444449,300
Gaussian Blur,shiftmap,0.5,0.4997955322265625,16.191814692815147,0.5476686941583951,16.262770439783733,0.5797908927996953,0.07200000000000005,300
Gaussian Blur,shiftmap,0.6,0.5997798665364583,14.837043190002442,0.46259860893090565,14.891304607391357,0.48755292952060697,0.0842222222222223,300
Gaussian Blur,shiftmap,0.7000000000000001,0.6998195393880209,13.767977172533671,0.3745679353674253,13.80207727432251,0.39260769774516424,0.09777777777777792,300
Gaussian Blur,shiftmap,0.8,0.7998024495442708,12.60189909776052,0.2701519597570101,12.619973926544189,0.2812214125196139,0.13855555555555576,300
Gaussian Blur,shiftmap,0.9,0.8998551432291667,10.626447168986003,0.12227611069877943,10.631273787816365,0.12704410155614218,0.3102222222222219,300
Gaussian Blur,telea,0.1,0.09978108723958333,27.192521063486733,0.8791717936595281,28.931794840494792,0.9435339856147766,0.061777777777777786,300
Gaussian Blur,telea,0.2,0.1997991943359375,24.38061325709025,0.8289345184961955,25.18332743326823,0.8848985415697098,0.06733333333333338,300
Gaussian Blur,telea,0.30000000000000004,0.2998077392578125,22.722704528172812,0.7801794389883677,23.19371841430664,0.8276892745494843,0.07988888888888898,300
Gaussian Blur,telea,0.4,0.39980712890625,21.128514280319212,0.7262438015143077,21.422888352076214,0.7654660284519196,0.10355555555555575,300
Gaussian Blur,telea,0.5,0.4997955322265625,19.949550371170044,0.6701012096802393,20.144796813329062,0.7014529544115067,0.13477777777777786,300
Gaussian Blur,telea,0.6,0.5997798665364583,18.582389475504556,0.6110166124502818,18.714559659957885,0.6337551591793696,0.1866666666666667,300
Gaussian Blur,telea,0.7000000000000001,0.6998195393880209,17.3338338915507,0.5483725156386693,17.4127094745636,0.5624859604239464,0.2521111111111112,300
Gaussian Blur,telea,0.8,0.7998024495442708,16.063896411259968,0.4814229013522466,16.110114618937175,0.48613421455025674,0.33755555555555516,300
Gaussian Blur,telea,0.9,0.8998551432291667,15.024819011688232,0.41691583837072055,15.052284135818482,0.41098185017704963,0.41888888888888887,300
Haar Wavelet,diffusion,0.1,0.09978108723958333,25.87378803888957,0.857408973177274,28.343859265645346,0.9388547350962957,0.06733333333333333,300
Haar Wavelet,diffusion,0.2,0.1997991943359375,23.51398229598999,0.8051380821069082,24.728719698588055,0.8750574479500453,0.07100000000000001,300
Haar Wavelet,diffusion,0.30000000000000004,0.2998077392578125,21.936098210016887,0.7529805725812913,22.623866287867227,0.8103112576405207,0.07588888888888894,300
Haar Wavelet,diffusion,0.4,0.39980712890625,20.434369478225708,0.6966674554347992,20.858350636164346,0.742238050699234,0.08122222222222228,300
Haar Wavelet,diffusion,0.5,0.4997955322265625,19.30572990735372,0.6388497731089592,19.562461544672647,0.6732999300956726,0.09288888888888902,300
Haar Wavelet,diffusion,0.6,0.5997798665364583,18.104454209009806,0.5802130988240242,18.272311547597248,0.602617392539978,0.11100000000000021,300
Haar Wavelet,diffusion,0.7000000000000001,0.6998195393880209,16.99540967305501,0.5177663100759188,17.10019190788269,0.5281542765100797,0.13322222222222244,300
Haar Wavelet,diffusion,0.8,0.7998024495442708,15.819981339772543,0.45329764087994895,15.884248914718627,0.451237798333168,0.17044444444444454,300
Haar Wavelet,diffusion,0.9,0.8998551432291667,14.941687720616658,0.39221092864871027,14.980303611755371,0.37477838128805163,0.2375555555555557,300
Haar Wavelet,mean,0.1,0.09978108723958333,23.279553203582765,0.8303114370505015,24.551082979838053,0.9111321258544922,0.06855555555555556,300
Haar Wavelet,mean,0.2,0.1997991943359375,20.821824963887533,0.7597803090016048,21.472035894393922,0.8287538655598958,0.0738888888888889,300
Haar Wavelet,mean,0.30000000000000004,0.2998077392578125,19.20239130973816,0.6920505787928899,19.599986534118653,0.7479636208216349,0.08244444444444453,300
Haar Wavelet,mean,0.4,0.39980712890625,17.98844567298889,0.6266919693350792,18.254622135162354,0.6705992140372594,0.08977777777777786,300
Haar Wavelet,mean,0.5,0.4997955322265625,16.99168870608012,0.5629059346516927,17.164466117223103,0.595504813392957,0.10800000000000014,300
Haar Wavelet,mean,0.6,0.5997798665364583,16.148872137069702,0.5074605526526769,16.276056791941325,0.5276276120543479,0.13088888888888897,300
Haar Wavelet,mean,0.7000000000000001,0.6998195393880209,15.445311307907104,0.4515091233452161,15.532872428894043,0.45922019352515536,0.15988888888888902,300
Haar Wavelet,mean,0.8,0.7998024495442708,14.699701658884685,0.39893812596797945,14.759507878621418,0.3938372021913528,0.20188888888888887,300
Haar Wavelet,mean,0.9,0.8998551432291667,14.076356250445048,0.3496127501875162,14.115084733963013,0.3285373084495465,0.2841111111111108,300
Haar Wavelet,navier,0.1,0.09978108723958333,25.776959451039634,0.8578117217620214,28.35206916809082,0.9407590049505233,0.06966666666666668,300
Haar Wavelet,navier,0.2,0.1997991943359375,23.435300722122193,0.8073571983973186,24.69293845494588,0.879299863576889,0.07355555555555557,300
Haar Wavelet,navier,0.30000000000000004,0.2998077392578125,22.036373558044435,0.7585206435124079,22.727074893315635,0.8185509864489238,0.07822222222222225,300
Haar Wavelet,navier,0.4,0.39980712890625,20.569163239796957,0.7050282019376755,20.966413046518962,0.7534448917706807,0.08700000000000012,300
Haar Wavelet,navier,0.5,0.4997955322265625,19.507590300242107,0.649141431649526,19.74479601542155,0.6870313622554143,0.09988888888888907,300
Haar Wavelet,navier,0.6,0.5997798665364583,18.262522598902386,0.5908033428589503,18.38694980621338,0.6169682567318281,0.11977777777777802,300
Haar Wavelet,navier,0.7000000000000001,0.6998195393880209,17.089959758122763,0.5292484366893768,17.14263395309448,0.5433262843887011,0.14200000000000002,300
Haar Wavelet,navier,0.8,0.7998024495442708,15.937702633539836,0.46329590092102685,15.951162633895875,0.46542005956172944,0.18211111111111125,300
Haar Wavelet,navier,0.9,0.8998551432291667,14.863377122879028,0.3964763100941976,14.859282452265422,0.38369207466642063,0.2428888888888889,300
Haar Wavelet,shiftmap,0.1,0.09978108723958333,24.21019592920939,0.8373575003941854,25.995848108927408,0.920417512456576,0.06744444444444445,300
Haar Wavelet,shiftmap,0.2,0.1997991943359375,21.28334257443746,0.7651235220829645,22.059065319697062,0.8386355821291606,0.06766666666666668,300
Haar Wavelet,shiftmap,0.30000000000000004,0.2998077392578125,19.119554608662924,0.688450887799263,19.497557341257732,0.7513634177049001,0.06944444444444445,300
Haar Wavelet,shiftmap,0.4,0.39980712890625,17.416515849431356,0.6106698517004648,17.620428717931112,0.6638944282134374,0.07055555555555564,300
Haar Wavelet,shiftmap,0.5,0.4997955322265625,15.969607016245524,0.5261850087841352,16.080565627415975,0.5706051789720853,0.07544444444444445,300
Haar Wavelet,shiftmap,0.6,0.5997798665364583,14.627563962936401,0.4425662808616956,14.703113231658936,0.4780481001734734,0.07988888888888897,300
Haar Wavelet,shiftmap,0.7000000000000001,0.6998195393880209,13.668440108299256,0.3570898347099622,13.709955682754517,0.3837148890892665,0.08844444444444458,300
Haar Wavelet,shiftmap,0.8,0.7998024495442708,12.44005909760793,0.2503398666282495,12.46506131807963,0.2691808993120988,0.10533333333333349,300
Haar Wavelet,shiftmap,0.9,0.8998551432291667,10.570147533416748,0.11220889817923307,10.583969152768454,0.12210047980149587,0.19977777777777794,300
Haar Wavelet,telea,0.1,0.09978108723958333,25.851051642100018,0.8584844728310903,28.44802760442098,0.941182581782341,0.06833333333333334,300
Haar Wavelet,telea,0.2,0.1997991943359375,23.537779261271158,0.8089865718285243,24.80405924161275,0.8804236900806427,0.0726666666666667,300
Haar Wavelet,telea,0.30000000000000004,0.2998077392578125,22.138118171691893,0.7610854041576386,22.83273180325826,0.8203288261095683,0.07722222222222228,300
Haar Wavelet,telea,0.4,0.39980712890625,20.688241386413573,0.708029446999232,21.08236485481262,0.7554290390014649,0.0827777777777779,300
Haar Wavelet,telea,0.5,0.4997955322265625,19.590000874201458,0.6526297988494237,19.816867427825926,0.6892334524790446,0.09788888888888907,300
Haar Wavelet,telea,0.6,0.5997798665364583,18.319766476949056,0.594219780266285,18.43402454058329,0.6188418379426003,0.11566666666666686,300
Haar Wavelet,telea,0.7000000000000001,0.6998195393880209,17.127486324310304,0.5326360376675924,17.16758454958598,0.5449140525857608,0.14022222222222233,300
Haar Wavelet,telea,0.8,0.7998024495442708,15.889474770228068,0.4660449074208736,15.89084275563558,0.4663469377160072,0.17866666666666675,300
Haar Wavelet,telea,0.9,0.8998551432291667,14.840496940612793,0.4015252266824245,14.82584851582845,0.38667020147045456,0.23822222222222228,300
